EXAMPLE_ID,RANK_1,RANK_2,RANK_3,RANK_4,RANK_5
valid_0001,DEPOSIT METAL SEED,DEVELOP PHOTORESIST,MEASURE VIA RESISTANCE,MEASURE DEVICE PARAMETER,ANNEAL METAL
valid_0002,CLEAN PAD OPENING,RCA CLEAN 2,DEPOSIT TOP METAL,HARD BAKE,CLEAN AFTER VIA ETCH
valid_0003,MEASURE VIA CD,DEPOSIT BARRIER METAL,DEPOSIT PASSIVATION,DEPOSIT INTERLEVEL DIELECTRIC,BACKSIDE RINSE
valid_0004,PASSIVATION ETCH PAD OPENING,PASSIVATION ETCH,STRIP RESIST,HARD BAKE,VIA ETCH THROUGH DIELECTRIC
valid_0005,MEASURE VIA CD,DEPOSIT BARRIER METAL,CLEAN AFTER VIA ETCH,CURE PASSIVATION,MEASURE SURFACE PLANARITY
valid_0006,PASSIVATION ETCH PAD OPENING,PASSIVATION ETCH,METAL ETCH DRY,FINAL PARTICLE INSPECTION,DEVELOP PHOTORESIST
valid_0007,DEPOSIT BARRIER METAL,MEASURE VIA CD,MEASURE METAL THICKNESS,CLEAN AFTER VIA ETCH,SPIN COAT PHOTORESIST
valid_0008,PASSIVATION ETCH PAD OPENING,PASSIVATION ETCH,METAL ETCH DRY,METAL ETCH,BACKSIDE ETCH CLEAN
valid_0009,MEASURE VIA CD,DEPOSIT BARRIER METAL,POST EXPOSE BAKE,EXPOSE LITHO LEVEL 6,ANNEAL METAL
valid_0010,STRIP PHOTORESIST,STRIP RESIST,DEPOSIT PASSIVATION,SOFT BAKE,DEPOSIT PASSIVATION LAYER
valid_0011,MEASURE VIA CD,DEPOSIT BARRIER METAL,SPIN COAT PHOTORESIST,ANNEAL METAL,MEASURE PASSIVATION THICKNESS
valid_0012,PASSIVATION ETCH,PASSIVATION ETCH PAD OPENING,METAL ETCH DRY,METAL ETCH,DEVELOP PAD WINDOW
valid_0013,MEASURE VIA CD,DEPOSIT BARRIER METAL,CLEAN AFTER VIA ETCH,DEPOSIT PASSIVATION,SPIN COAT PHOTORESIST
valid_0014,STRIP PHOTORESIST,STRIP RESIST,DEPOSIT PASSIVATION,DEPOSIT PASSIVATION LAYER,FINAL PARTICLE INSPECTION
valid_0015,MEASURE VIA CD,DEPOSIT BARRIER METAL,FINAL PARTICLE INSPECTION,ALIGN MASK LEVEL 3,CLEAN AFTER VIA ETCH
valid_0016,STRIP RESIST,STRIP PHOTORESIST,PASSIVATION ETCH PAD OPENING,SOFT BAKE,FINAL CD INSPECTION
valid_0017,CLEAN AFTER VIA ETCH,MEASURE VIA CD,CLEAN AFTER ETCH,MEASURE OXIDE QUALITY,DENSIFY OXIDE
valid_0018,PASSIVATION ETCH PAD OPENING,PASSIVATION ETCH,METAL ETCH DRY,METAL PATTERN INSPECTION,POLYSILICON ETCH
valid_0019,DEPOSIT BARRIER METAL,MEASURE CONTACT RESISTANCE,DEPOSIT POLYSILICON,MEASURE VIA RESISTANCE,ANNEAL METAL
valid_0020,STRIP RESIST,STRIP PHOTORESIST,DEPOSIT PASSIVATION,PASSIVATION ETCH PAD OPENING,SOFT BAKE
valid_0021,CLEAN AFTER VIA ETCH,CLEAN AFTER ETCH,MEASURE VIA CD,DIELECTRIC ETCH VIA,FINAL CD INSPECTION
valid_0022,DEVELOP PAD WINDOW,DEVELOP PHOTORESIST,POST EXPOSE BAKE,OPEN PAD WINDOW LITHO,POLYSILICON ETCH
valid_0023,CLEAN AFTER VIA ETCH,CLEAN AFTER ETCH,MEASURE VIA CD,MEASURE BACKSIDE CONTACT,INITIAL WAFER INSPECTION
valid_0024,PASSIVATION ETCH PAD OPENING,PASSIVATION ETCH,MEASURE VIA RESISTANCE,VIA OPENING INSPECTION,DEVELOP PHOTORESIST
valid_0025,CLEAN AFTER VIA ETCH,IMPLANT SOURCE REGION,CLEAN PAD OPENING,BACKSIDE GRIND,PASSIVATION ETCH
valid_0026,DEVELOP PHOTORESIST,DEVELOP PAD WINDOW,FINAL GEOMETRY CHECK,MEASURE WAFER THICKNESS,YIELD ANALYSIS
valid_0027,STRIP RESIST,STRIP PHOTORESIST,SOFT BAKE,CLEAN AFTER POLY ETCH,FINAL THICKNESS MEASURE
valid_0028,OPEN PAD WINDOW LITHO,PAD WINDOW LITHO,POST EXPOSE BAKE,MEASURE PASSIVATION THICKNESS,DEVELOP PAD WINDOW
valid_0029,STRIP PHOTORESIST,STRIP RESIST,FINAL THICKNESS MEASURE,SOFT BAKE,FINAL CD INSPECTION
valid_0030,DEVELOP PHOTORESIST,DEVELOP PAD WINDOW,YIELD ANALYSIS,MEASURE WAFER THICKNESS,PRE ANNEAL CHECK
valid_0031,MEASURE VIA CD,DEPOSIT BARRIER METAL,CLEAN AFTER VIA ETCH,STRIP RESIST,DEVELOP PHOTORESIST
valid_0032,STRIP PHOTORESIST,STRIP RESIST,FINAL PARTICLE INSPECTION,DEPOSIT PASSIVATION,SOFT BAKE
valid_0033,FILL VIA METAL,DEPOSIT METAL SEED,FILL VIA TUNGSTEN,ANNEAL METAL,METAL PATTERN INSPECTION
valid_0034,STRIP PHOTORESIST,STRIP RESIST,RAPID THERMAL ANNEAL,MEASURE METAL THICKNESS,FINAL GEOMETRY CHECK
valid_0035,DEPOSIT BARRIER METAL,DEPOSIT GATE OXIDE OR DIELECTRIC,DEPOSIT POLYSILICON,GATE OXIDE PREP,MEASURE CONTACT RESISTANCE
valid_0036,CLEAN PAD OPENING,RECEIVE WAFER LOT,DEPOSIT TOP METAL,ANNEAL OXIDE,DEPOSIT POLYSILICON
valid_0037,MEASURE VIA CD,DEPOSIT BARRIER METAL,SPIN COAT PHOTORESIST,MEASURE SURFACE PLANARITY,POST EXPOSE BAKE
valid_0038,STRIP PHOTORESIST,STRIP RESIST,PASSIVATION ETCH PAD OPENING,SOFT BAKE,MEASURE METAL THICKNESS
valid_0039,CMP METAL,CMP VIA FILL,MEASURE VIA RESISTANCE,DEPOSIT TOP METAL,MEASURE THICKNESS
valid_0040,MEASURE PAD OPENING,BACKSIDE ANNEAL,DEPOSIT METAL SEED,ANNEAL POLYSILICON,IMPLANT SOURCE REGION
valid_0041,DEPOSIT BARRIER METAL,MEASURE VIA CD,DEVELOP PHOTORESIST,POST EXPOSE BAKE,DEPOSIT INTERLEVEL DIELECTRIC
valid_0042,DEVELOP PHOTORESIST,DEVELOP PAD WINDOW,POST EXPOSE BAKE,FINAL GEOMETRY CHECK,YIELD ANALYSIS
valid_0043,DEPOSIT BARRIER METAL,MEASURE VIA CD,RAPID THERMAL ANNEAL,VIA ETCH,CLEAN AFTER METAL ETCH
valid_0044,PASSIVATION ETCH PAD OPENING,PASSIVATION ETCH,METAL ETCH DRY,PARAMETRIC TEST,HARD BAKE
valid_0045,MEASURE VIA CD,DEPOSIT BARRIER METAL,MEASURE DEVICE PARAMETER,POST EXPOSE BAKE,DEPOSIT INTERLAYER DIELECTRIC
valid_0046,PASSIVATION ETCH PAD OPENING,PASSIVATION ETCH,DIELECTRIC ETCH VIA,DEVELOP PAD WINDOW,MEASURE WINDOW CD
valid_0047,DEPOSIT METAL SEED,DEVELOP PHOTORESIST,CLEAN AFTER VIA ETCH,CURE PASSIVATION,DEPOSIT TUNGSTEN SEED
valid_0048,STRIP RESIST,STRIP PHOTORESIST,STRIP RESIST LEVEL 2,FINAL PARTICLE INSPECTION,DEPOSIT TUNGSTEN SEED
valid_0049,DEPOSIT BARRIER METAL,DEPOSIT POLYSILICON,MEASURE CONTACT RESISTANCE,MEASURE PASSIVATION QUALITY,MEASURE SURFACE PARTICLES
valid_0050,PASSIVATION ETCH PAD OPENING,PASSIVATION ETCH,POLYSILICON ETCH,FINAL PARTICLE INSPECTION,DEVELOP PAD WINDOW
valid_0051,DEPOSIT BARRIER METAL,MEASURE CONTACT RESISTANCE,EXPOSE LITHO LEVEL 2,POLY PATTERN INSPECTION,MEASURE VIA RESISTANCE
valid_0052,STRIP RESIST,STRIP PHOTORESIST,SOFT BAKE,PASSIVATION ETCH PAD OPENING,FINAL PARTICLE INSPECTION
valid_0053,CLEAN AFTER VIA ETCH,CLEAN AFTER ETCH,CLEAN PAD OPENING,MEASURE VIA CD,MEASURE BACKSIDE CONTACT
valid_0054,PASSIVATION ETCH PAD OPENING,PASSIVATION ETCH,VIA OPENING INSPECTION,METAL ETCH DRY,IMPLANT WELL
valid_0055,DEPOSIT METAL SEED,FILL VIA METAL,CLEAN AFTER VIA ETCH,DEPOSIT TUNGSTEN SEED,DEVELOP PHOTORESIST
valid_0056,CLEAN PAD OPENING,DEPOSIT POLYSILICON,CLEAN AFTER POLY ETCH,ANNEAL OXIDE,RECEIVE WAFER LOT
valid_0057,STRIP RESIST,STRIP PHOTORESIST,FINAL THICKNESS MEASURE,SOFT BAKE,FINAL GEOMETRY CHECK
valid_0058,STRIP PHOTORESIST,STRIP RESIST,SOFT BAKE,FINAL LOT RELEASE,DEPOSIT PASSIVATION LAYER
valid_0059,DEPOSIT BARRIER METAL,MEASURE VIA CD,RINSE WET WAFER EDGE,CLEAN AFTER VIA ETCH,SPIN COAT PHOTORESIST
valid_0060,PASSIVATION ETCH,PASSIVATION ETCH PAD OPENING,METAL ETCH DRY,DEVELOP PHOTORESIST,VIA ETCH
valid_0061,DEPOSIT BARRIER METAL,DEPOSIT POLYSILICON,MEASURE VIA RESISTANCE,DEPOSIT INTERLAYER DIELECTRIC,DEPOSIT TUNGSTEN SEED
valid_0062,DEVELOP PHOTORESIST,DEVELOP PAD WINDOW,POST EXPOSE BAKE,YIELD ANALYSIS,FINAL GEOMETRY CHECK
valid_0063,STRIP PHOTORESIST,STRIP RESIST,DENSIFY OXIDE,CLEAN AFTER WINDOW ETCH,FINAL PARTICLE INSPECTION
valid_0064,DEVELOP PAD WINDOW,DEVELOP PHOTORESIST,FINAL GEOMETRY CHECK,POST EXPOSE BAKE,OPEN PAD WINDOW LITHO
valid_0065,MEASURE VIA CD,DEPOSIT BARRIER METAL,ANNEAL METAL,DEVELOP PHOTORESIST,CLEAN AFTER VIA ETCH
valid_0066,PASSIVATION ETCH PAD OPENING,PASSIVATION ETCH,IMPLANT WELL,METAL ETCH DRY,HARD BAKE
valid_0067,CLEAN AFTER VIA ETCH,CLEAN AFTER ETCH,FINAL OXIDE CHECK,IMPLANT LDD,BACKSIDE GRIND
valid_0068,STRIP PHOTORESIST,STRIP RESIST,SOFT BAKE,FINAL PARTICLE INSPECTION,FINAL CD INSPECTION
valid_0069,CLEAN AFTER VIA ETCH,CLEAN AFTER ETCH,MEASURE VIA CD,RCA CLEAN 2,MEASURE BACKSIDE CONTACT
valid_0070,PASSIVATION ETCH,PASSIVATION ETCH PAD OPENING,DIELECTRIC ETCH VIA,VIA ETCH THROUGH DIELECTRIC,METAL ETCH DRY
valid_0071,CLEAN AFTER VIA ETCH,CLEAN PAD OPENING,CLEAN AFTER ETCH,MEASURE VIA CD,BACKSIDE GRIND
valid_0072,PASSIVATION ETCH,PASSIVATION ETCH PAD OPENING,METAL ETCH DRY,WAFER SURFACE CLEAN,METAL ETCH
valid_0073,MEASURE VIA CD,DEPOSIT BARRIER METAL,MEASURE POLY THICKNESS,YIELD ANALYSIS,SPIN COAT PHOTORESIST
valid_0074,STRIP PHOTORESIST,STRIP RESIST,DEPOSIT PASSIVATION,PASSIVATION ETCH PAD OPENING,DEPOSIT PASSIVATION LAYER
valid_0075,MEASURE VIA CD,DEPOSIT BARRIER METAL,CLEAN AFTER VIA ETCH,ALIGN MASK LEVEL 3,ANISOTROPIC ETCH SPACER
valid_0076,PASSIVATION ETCH PAD OPENING,PASSIVATION ETCH,STRIP RESIST,STRIP PHOTORESIST,HARD BAKE
valid_0077,CLEAN AFTER VIA ETCH,CLEAN AFTER ETCH,MEASURE VIA CD,INITIAL WAFER INSPECTION,FINAL CD INSPECTION
valid_0078,STRIP PHOTORESIST,STRIP RESIST,PASSIVATION ETCH PAD OPENING,SOFT BAKE,MEASURE METAL THICKNESS
valid_0079,MEASURE VIA CD,DEPOSIT BARRIER METAL,SPIN COAT PHOTORESIST,STRIP RESIST,CLEAN AFTER VIA ETCH
valid_0080,STRIP PHOTORESIST,STRIP RESIST,SOFT BAKE,FINAL PARTICLE INSPECTION,MEASURE METAL THICKNESS
valid_0081,DEPOSIT BARRIER METAL,POST EXPOSE BAKE,MEASURE CONTACT RESISTANCE,ANNEAL METAL,MEASURE THICKNESS
valid_0082,STRIP PHOTORESIST,STRIP RESIST,PASSIVATION ETCH PAD OPENING,SOFT BAKE,MEASURE SURFACE UNIFORMITY
valid_0083,STRIP PHOTORESIST,STRIP RESIST,DENSIFY DIELECTRIC,PASSIVATION ETCH PAD OPENING,DENSIFY OXIDE
valid_0084,PASSIVATION ETCH,PASSIVATION ETCH PAD OPENING,DIELECTRIC ETCH VIA,MEASURE METAL THICKNESS,METAL ETCH DRY
valid_0085,MEASURE VIA CD,DEPOSIT BARRIER METAL,SPIN COAT PHOTORESIST,BACKSIDE ANNEAL,MEASURE SURFACE PLANARITY
valid_0086,CLEAN PAD OPENING,ANNEAL OXIDE,BACKSIDE DRY,RECEIVE WAFER LOT,CLEAN AFTER FIELD ETCH
valid_0087,VIA ETCH THROUGH DIELECTRIC,VIA ETCH,HARD BAKE,DIELECTRIC ETCH VIA,MEASURE FILM THICKNESS
valid_0088,PAD WINDOW LITHO,OPEN PAD WINDOW LITHO,STRIP PHOTORESIST,POST EXPOSE BAKE,POLYSILICON ANNEAL
valid_0089,CLEAN AFTER VIA ETCH,CLEAN PAD OPENING,CLEAN AFTER ETCH,FINAL CD INSPECTION,CLEAN AFTER POLY ETCH
valid_0090,STRIP RESIST,STRIP PHOTORESIST,HARD BAKE,FINAL CD INSPECTION,METAL ETCH
valid_0091,DEPOSIT BARRIER METAL,MEASURE VIA CD,CLEAN AFTER VIA ETCH,MEASURE CONTACT RESISTANCE,MEASURE PASSIVATION QUALITY
valid_0092,DEVELOP PAD WINDOW,DEVELOP PHOTORESIST,FINAL GEOMETRY CHECK,HARD BAKE,METAL ETCH DRY
valid_0093,STRIP PHOTORESIST,STRIP RESIST,SOFT BAKE,FINAL GEOMETRY CHECK,RAPID THERMAL ANNEAL
valid_0094,STRIP PHOTORESIST,STRIP RESIST,FINAL PARTICLE INSPECTION,SOFT BAKE,PASSIVATION ETCH PAD OPENING
valid_0095,MEASURE VIA CD,DEPOSIT BARRIER METAL,HARD BAKE,EXPOSE LITHO LEVEL 6,POST EXPOSE BAKE
valid_0096,STRIP PHOTORESIST,STRIP RESIST,FINAL PARTICLE INSPECTION,SOFT BAKE,PASSIVATION ETCH PAD OPENING
valid_0097,CLEAN AFTER VIA ETCH,CLEAN AFTER ETCH,LOT RELEASE,CLEAN AFTER METAL ETCH,YIELD ANALYSIS
valid_0098,PASSIVATION ETCH,PASSIVATION ETCH PAD OPENING,VIA ETCH THROUGH DIELECTRIC,METAL ETCH,VIA ETCH
valid_0099,FILL VIA METAL,FILL VIA TUNGSTEN,DEPOSIT METAL SEED,IMPLANT N BUFFER,ANNEAL METAL
valid_0100,CLEAN PAD OPENING,DEPOSIT INTERLAYER DIELECTRIC,RCA CLEAN 1,IMPLANT SOURCE REGION,BACKSIDE DRY
valid_0101,CLEAN AFTER VIA ETCH,RCA CLEAN 2,MEASURE BACKSIDE CONTACT,WET CLEAN RCA2,PASSIVATION ETCH
valid_0102,STRIP RESIST,STRIP PHOTORESIST,FINAL PARTICLE INSPECTION,PASSIVATION ETCH PAD OPENING,SOFT BAKE
valid_0103,DEPOSIT BARRIER METAL,MEASURE CONTACT RESISTANCE,DEPOSIT POLYSILICON,MEASURE VIA RESISTANCE,SUBSTRATE CHECK
valid_0104,PASSIVATION ETCH,PASSIVATION ETCH PAD OPENING,METAL ETCH DRY,WAFER SURFACE CLEAN,METAL ETCH
valid_0105,DEPOSIT BARRIER METAL,MEASURE CONTACT RESISTANCE,DEPOSIT POLYSILICON,MEASURE VIA RESISTANCE,MEASURE PASSIVATION QUALITY
valid_0106,STRIP PHOTORESIST,STRIP RESIST,DEPOSIT PASSIVATION,PASSIVATION ETCH PAD OPENING,SOFT BAKE
valid_0107,DEPOSIT METAL SEED,DEPOSIT TUNGSTEN SEED,CLEAN AFTER VIA ETCH,MEASURE PAD OPENING,CURE PASSIVATION
valid_0108,PASSIVATION ETCH,PASSIVATION ETCH PAD OPENING,DIELECTRIC ETCH VIA,MEASURE BACKSIDE CONTACT,MEASURE METAL THICKNESS
valid_0109,CLEAN AFTER VIA ETCH,MEASURE VIA CD,CLEAN AFTER ETCH,CLEAN PAD OPENING,POLYSILICON ANNEAL
valid_0110,DEVELOP PAD WINDOW,DEVELOP PHOTORESIST,PASSIVATION ETCH PAD OPENING,FINAL GEOMETRY CHECK,POST EXPOSE BAKE
valid_0111,CLEAN AFTER VIA ETCH,MEASURE VIA CD,LOT IDENTIFICATION,MEASURE BACKSIDE CONTACT,CLEAN AFTER ETCH
valid_0112,STRIP RESIST,STRIP PHOTORESIST,PASSIVATION ETCH PAD OPENING,SOFT BAKE,MEASURE METAL THICKNESS
valid_0113,DEPOSIT BARRIER METAL,MEASURE VIA CD,HARD BAKE,METAL ETCH,GRINDING WAFER BACKSIDE
valid_0114,CLEAN PAD OPENING,RECEIVE WAFER LOT,ANNEAL OXIDE,DEPOSIT INTERLAYER DIELECTRIC,DEPOSIT POLYSILICON
valid_0115,MEASURE VIA CD,DEPOSIT BARRIER METAL,MEASURE SURFACE PLANARITY,EXPOSE LITHO LEVEL 6,CLEAN AFTER VIA ETCH
valid_0116,STRIP RESIST,STRIP PHOTORESIST,DEPOSIT PASSIVATION,OPEN BOND PAD WINDOW,DEPOSIT PASSIVATION LAYER
valid_0117,CLEAN AFTER VIA ETCH,DIELECTRIC ETCH VIA,PASSIVATION ETCH,CLEAN AFTER ETCH,CLEAN PAD OPENING
valid_0118,PASSIVATION ETCH PAD OPENING,PASSIVATION ETCH,VIA ETCH THROUGH DIELECTRIC,METAL ETCH DRY,DIELECTRIC ETCH VIA
valid_0119,DEPOSIT BARRIER METAL,MEASURE CONTACT RESISTANCE,MEASURE VIA RESISTANCE,DEPOSIT POLYSILICON,DEPOSIT METAL SEED
valid_0120,CLEAN PAD OPENING,IMPLANT SOURCE REGION,DEPOSIT TOP METAL,ANNEAL OXIDE,PASSIVATION ETCH
valid_0121,MEASURE VIA CD,DEPOSIT BARRIER METAL,ANNEAL METAL,STRIP RESIST,ANNEAL METAL 1
valid_0122,PASSIVATION ETCH,PASSIVATION ETCH PAD OPENING,METAL ETCH DRY,STRIP RESIST,MEASURE METAL THICKNESS
valid_0123,FILL VIA METAL,FILL VIA TUNGSTEN,DEPOSIT METAL SEED,FINAL GEOMETRY CHECK,STRIP RESIST
valid_0124,CLEAN PAD OPENING,CLEAN AFTER POLY ETCH,RECEIVE WAFER LOT,HARD BAKE,ANNEAL OXIDE
valid_0125,MEASURE VIA CD,DEPOSIT BARRIER METAL,POST EXPOSE BAKE,SPIN COAT PHOTORESIST,DEPOSIT PASSIVATION
valid_0126,STRIP RESIST,STRIP PHOTORESIST,FINAL PARTICLE INSPECTION,PASSIVATION ETCH PAD OPENING,SOFT BAKE
valid_0127,CLEAN AFTER VIA ETCH,CLEAN AFTER ETCH,MEASURE BACKSIDE CONTACT,CLEAN PAD OPENING,MEASURE VIA CD
valid_0128,STRIP PHOTORESIST,STRIP RESIST,PASSIVATION ETCH PAD OPENING,FINAL CD INSPECTION,SOFT BAKE
valid_0129,HARD BAKE,VIA ETCH THROUGH DIELECTRIC,VIA ETCH,DIELECTRIC ETCH VIA,METAL ETCH DRY
valid_0130,DEVELOP PAD WINDOW,DEVELOP PHOTORESIST,CURE PASSIVATION,CLEAN AFTER METAL ETCH,FINAL GEOMETRY CHECK
valid_0131,DEPOSIT METAL SEED,DEVELOP PHOTORESIST,DEPOSIT TUNGSTEN SEED,MEASURE PAD OPENING,MEASURE DEVICE PARAMETER
valid_0132,CLEAN PAD OPENING,RECEIVE WAFER LOT,ANNEAL OXIDE,SWITCHING TEST,DEPOSIT TOP METAL
valid_0133,DEPOSIT METAL SEED,DEVELOP PHOTORESIST,CLEAN AFTER VIA ETCH,MEASURE DEVICE PARAMETER,CURE PASSIVATION
valid_0134,CLEAN PAD OPENING,DEPOSIT TOP METAL,SWITCHING TEST,CLEAN AFTER POLY ETCH,RECEIVE WAFER LOT
valid_0135,DEPOSIT METAL SEED,DEVELOP PHOTORESIST,MEASURE PAD OPENING,MEASURE THICKNESS,MEASURE SURFACE PARTICLES
valid_0136,CLEAN PAD OPENING,HARD BAKE,DEPOSIT TOP METAL,ANNEAL OXIDE,RECEIVE WAFER LOT
valid_0137,MEASURE VIA CD,DEPOSIT BARRIER METAL,ANNEAL METAL,MEASURE PLANARITY,MEASURE POLY THICKNESS
valid_0138,PASSIVATION ETCH PAD OPENING,PASSIVATION ETCH,DEVELOP PHOTORESIST,DIELECTRIC ETCH VIA,PATTERN INSPECTION LEVEL 1
valid_0139,CLEAN AFTER VIA ETCH,CLEAN AFTER ETCH,FINAL CD INSPECTION,CLEAN PAD OPENING,LOT RELEASE
valid_0140,STRIP PHOTORESIST,STRIP RESIST,PARAMETRIC TEST,SOFT BAKE,ELECTRICAL PARAMETRIC TEST
valid_0141,DEPOSIT BARRIER METAL,MEASURE CONTACT RESISTANCE,MEASURE VIA RESISTANCE,DEPOSIT POLYSILICON,DEPOSIT PASSIVATION
valid_0142,STRIP PHOTORESIST,STRIP RESIST,PARAMETRIC TEST,FINAL PARTICLE INSPECTION,FINAL CD INSPECTION
valid_0143,DEPOSIT METAL SEED,CLEAN AFTER VIA ETCH,MEASURE DIELECTRIC THICKNESS,FILL VIA METAL,CURE PASSIVATION
valid_0144,PASSIVATION ETCH PAD OPENING,PASSIVATION ETCH,METAL ETCH DRY,DRIVE IN DIFFUSION,METAL PATTERN INSPECTION
valid_0145,MEASURE VIA CD,DEPOSIT BARRIER METAL,CLEAN AFTER VIA ETCH,MEASURE SURFACE PLANARITY,POST EXPOSE BAKE
valid_0146,PASSIVATION ETCH PAD OPENING,PASSIVATION ETCH,WET CLEAN RCA2,METAL ETCH DRY,DRIVE IN DIFFUSION
valid_0147,MEASURE VIA CD,DEPOSIT BARRIER METAL,MEASURE PLANARITY,SPIN COAT PHOTORESIST,CLEAN AFTER VIA ETCH
valid_0148,STRIP RESIST,STRIP PHOTORESIST,MEASURE METAL THICKNESS,PASSIVATION ETCH PAD OPENING,MEASURE THICKNESS
valid_0149,DEPOSIT BARRIER METAL,MEASURE VIA CD,DEPOSIT PASSIVATION,MEASURE CONTACT RESISTANCE,DEVELOP PHOTORESIST
valid_0150,STRIP PHOTORESIST,STRIP RESIST,RAPID THERMAL ANNEAL,MEASURE METAL THICKNESS,SOFT BAKE
valid_0151,MEASURE VIA CD,DEPOSIT BARRIER METAL,SPIN COAT PHOTORESIST,IMPLANT SOURCE REGION,FINAL PARTICLE INSPECTION
valid_0152,DEVELOP PAD WINDOW,DEVELOP PHOTORESIST,OPEN PAD WINDOW LITHO,MEASURE PASSIVATION QUALITY,MEASURE WAFER THICKNESS
valid_0153,MEASURE VIA CD,DEPOSIT BARRIER METAL,CLEAN AFTER VIA ETCH,EXPOSE LITHO LEVEL 6,DEPOSIT PASSIVATION
valid_0154,DEVELOP PHOTORESIST,DEVELOP PAD WINDOW,FINAL GEOMETRY CHECK,MEASURE PLANARITY,CURE PASSIVATION
valid_0155,CLEAN AFTER VIA ETCH,CLEAN AFTER ETCH,CLEAN PAD OPENING,MEASURE BACKSIDE CONTACT,MEASURE VIA CD
valid_0156,STRIP PHOTORESIST,STRIP RESIST,DEPOSIT PASSIVATION LAYER,FINAL CD INSPECTION,PASSIVATION ETCH PAD OPENING
valid_0157,DEPOSIT BARRIER METAL,DEPOSIT POLYSILICON,MEASURE VIA RESISTANCE,DEPOSIT GATE OXIDE OR DIELECTRIC,ANNEAL METAL
valid_0158,PASSIVATION ETCH,PASSIVATION ETCH PAD OPENING,METAL PATTERN INSPECTION,STRIP RESIST,PATTERN INSPECTION LEVEL 1
valid_0159,DEPOSIT BARRIER METAL,MEASURE VIA CD,MEASURE SURFACE PLANARITY,DEPOSIT PASSIVATION LAYER,DEPOSIT PASSIVATION
valid_0160,STRIP RESIST,STRIP PHOTORESIST,DEPOSIT PASSIVATION,PASSIVATION ETCH PAD OPENING,FINAL CD INSPECTION
valid_0161,STRIP PHOTORESIST,STRIP RESIST,SOFT BAKE,MEASURE METAL THICKNESS,PASSIVATION ETCH PAD OPENING
valid_0162,DEVELOP PHOTORESIST,DEVELOP PAD WINDOW,PASSIVATION ETCH,DEPOSIT INTERLEVEL DIELECTRIC,FINAL GEOMETRY CHECK
valid_0163,MEASURE VIA CD,DEPOSIT BARRIER METAL,ANNEAL METAL,CLEAN AFTER VIA ETCH,RINSE WET WAFER EDGE
valid_0164,STRIP RESIST,STRIP PHOTORESIST,FINAL PARTICLE INSPECTION,MEASURE METAL THICKNESS,PASSIVATION ETCH PAD OPENING
valid_0165,DEPOSIT BARRIER METAL,MEASURE VIA CD,HF DIP,RINSE WET WAFER EDGE,DEVELOP PHOTORESIST
valid_0166,STRIP RESIST,STRIP PHOTORESIST,SOFT BAKE,MEASURE METAL THICKNESS,PASSIVATION ETCH PAD OPENING
valid_0167,DEPOSIT BARRIER METAL,MEASURE VIA RESISTANCE,DEPOSIT POLYSILICON,STRIP RESIST LEVEL 2,MEASURE CONTACT RESISTANCE
valid_0168,CLEAN PAD OPENING,ANNEAL OXIDE,RECEIVE WAFER LOT,DEPOSIT TOP METAL,IMPLANT SOURCE REGION
valid_0169,STRIP PHOTORESIST,STRIP RESIST,ANNEAL METAL,SOFT BAKE,CLEAN AFTER VIA ETCH
valid_0170,STRIP PHOTORESIST,STRIP RESIST,SOFT BAKE,PASSIVATION ETCH PAD OPENING,FINAL PARTICLE INSPECTION
valid_0171,DEPOSIT METAL SEED,FILL VIA METAL,DEPOSIT TUNGSTEN SEED,MEASURE THICKNESS,CURE PASSIVATION
valid_0172,STRIP PHOTORESIST,STRIP RESIST,SOFT BAKE,FINAL GEOMETRY CHECK,MEASURE METAL THICKNESS
valid_0173,MEASURE VIA CD,DEPOSIT BARRIER METAL,CLEAN AFTER VIA ETCH,SPIN COAT PHOTORESIST,CURE PASSIVATION
valid_0174,PASSIVATION ETCH PAD OPENING,PASSIVATION ETCH,WAFER SURFACE CLEAN,DEVELOP PHOTORESIST,DEVELOP PAD WINDOW
valid_0175,MEASURE VIA CD,DEPOSIT BARRIER METAL,DEPOSIT PASSIVATION,CLEAN AFTER VIA ETCH,MEASURE METAL THICKNESS
valid_0176,STRIP PHOTORESIST,STRIP RESIST,RAPID THERMAL ANNEAL,SOFT BAKE,FINAL CD INSPECTION
valid_0177,DEPOSIT METAL SEED,DEVELOP PHOTORESIST,DEPOSIT TUNGSTEN SEED,CURE PASSIVATION,MEASURE DIELECTRIC THICKNESS
valid_0178,STRIP PHOTORESIST,STRIP RESIST,FINAL CD INSPECTION,FINAL PARTICLE INSPECTION,POST EXPOSE BAKE
valid_0179,FILL VIA METAL,FILL VIA TUNGSTEN,METAL PATTERN INSPECTION,DEPOSIT METAL SEED,MEASURE LINE WIDTH
valid_0180,MEASURE PAD OPENING,ANNEAL POLYSILICON,FINAL CLEAN,BACKSIDE CLEAN,DEPOSIT METAL SEED
valid_0181,STRIP RESIST,STRIP PHOTORESIST,FINAL CD INSPECTION,PASSIVATION ETCH PAD OPENING,HARD BAKE
valid_0182,DEVELOP PHOTORESIST,DEVELOP PAD WINDOW,PASSIVATION ETCH,PASSIVATION ETCH PAD OPENING,FINAL GEOMETRY CHECK
valid_0183,DEPOSIT BARRIER METAL,MEASURE VIA RESISTANCE,MEASURE CONTACT RESISTANCE,EXPOSE LITHO LEVEL 2,GATE OXIDE PREP
valid_0184,STRIP PHOTORESIST,STRIP RESIST,PASSIVATION ETCH PAD OPENING,SOFT BAKE,MEASURE SURFACE UNIFORMITY
valid_0185,DEPOSIT BARRIER METAL,MEASURE VIA RESISTANCE,DEPOSIT POLYSILICON,MEASURE CONTACT RESISTANCE,DEPOSIT GATE OXIDE OR DIELECTRIC
valid_0186,STRIP RESIST,STRIP PHOTORESIST,FINAL PARTICLE INSPECTION,OPEN BOND PAD WINDOW,DEVELOP PAD WINDOW
valid_0187,STRIP PHOTORESIST,STRIP RESIST,PASSIVATION ETCH PAD OPENING,SOFT BAKE,FINAL GEOMETRY CHECK
valid_0188,STRIP RESIST,STRIP PHOTORESIST,PASSIVATION ETCH PAD OPENING,SOFT BAKE,MEASURE METAL THICKNESS
valid_0189,MEASURE VIA CD,DEPOSIT BARRIER METAL,EXPOSE LITHO LEVEL 6,MEASURE SURFACE PLANARITY,CLEAN AFTER VIA ETCH
valid_0190,PASSIVATION ETCH PAD OPENING,PASSIVATION ETCH,PATTERN INSPECTION LEVEL 1,MEASURE METAL THICKNESS,METAL ETCH DRY
valid_0191,DIELECTRIC ETCH VIA,VIA ETCH THROUGH DIELECTRIC,VIA ETCH,FILL VIA TUNGSTEN,PASSIVATION ETCH
valid_0192,STRIP RESIST,STRIP PHOTORESIST,DEPOSIT PASSIVATION,PASSIVATION ETCH PAD OPENING,SOFT BAKE
valid_0193,CLEAN AFTER VIA ETCH,MEASURE VIA CD,CLEAN AFTER METAL ETCH,FINAL CD INSPECTION,LOT RELEASE
valid_0194,PASSIVATION ETCH PAD OPENING,PASSIVATION ETCH,POST EXPOSE BAKE,METAL ETCH DRY,METAL PATTERN INSPECTION
valid_0195,MEASURE VIA CD,DEPOSIT BARRIER METAL,MEASURE POLY THICKNESS,SPIN COAT PHOTORESIST,POST EXPOSE BAKE
valid_0196,CLEAN PAD OPENING,ANNEAL OXIDE,RECEIVE WAFER LOT,DIELECTRIC ETCH VIA,HARD BAKE
valid_0197,STRIP PHOTORESIST,STRIP RESIST,DENSIFY OXIDE,SOFT BAKE,MEASURE FILM THICKNESS
valid_0198,STRIP PHOTORESIST,STRIP RESIST,DENSIFY DIELECTRIC,STRIP RESIST LEVEL 2,RAPID THERMAL ANNEAL
valid_0199,MEASURE VIA CD,DEPOSIT BARRIER METAL,MEASURE SURFACE PLANARITY,DEPOSIT PASSIVATION,CLEAN AFTER VIA ETCH
valid_0200,STRIP PHOTORESIST,STRIP RESIST,FINAL PARTICLE INSPECTION,PASSIVATION ETCH PAD OPENING,OPEN BOND PAD WINDOW
valid_0201,CMP INTERLAYER DIELECTRIC,CMP DIELECTRIC,CLEAN PAD OPENING,ANNEAL METAL,VIA ETCH THROUGH DIELECTRIC
valid_0202,DEPOSIT PASSIVATION LAYER,DEPOSIT PASSIVATION,PACKAGE PREPARATION,DEVELOP PAD WINDOW,MEASURE LINE WIDTH
valid_0203,SPIN COAT PHOTORESIST,DEPOSIT PASSIVATION LAYER,FINAL THICKNESS MEASURE,CMP INTERLAYER DIELECTRIC,MEASURE PASSIVATION QUALITY
valid_0204,DEPOSIT PASSIVATION,DEPOSIT PASSIVATION LAYER,MEASURE LINE WIDTH,CLEAN AFTER POLY ETCH,PACKAGE PREPARATION
valid_0205,SPIN COAT PHOTORESIST,DEPOSIT BARRIER METAL,MEASURE METAL THICKNESS,EPITAXY ANNEAL,DEPOSIT PAD OXIDE
valid_0206,CURE PASSIVATION,EXPOSE LITHO LEVEL 6,ANNEAL METAL 1,MEASURE BACKSIDE CONTACT,MEASURE PASSIVATION QUALITY
valid_0207,CMP DIELECTRIC,CMP INTERLAYER DIELECTRIC,MEASURE DIELECTRIC THICKNESS,MEASURE SURFACE PLANARITY,RAPID THERMAL ANNEAL
valid_0208,DEPOSIT PASSIVATION,DEPOSIT PASSIVATION LAYER,STRIP RESIST,LOT RELEASE,ETCH WET BACKSIDE
valid_0209,CMP INTERLAYER DIELECTRIC,CMP DIELECTRIC,HARD BAKE,FINAL THICKNESS MEASURE,STRIP PHOTORESIST
valid_0210,DEPOSIT PASSIVATION LAYER,DEPOSIT PASSIVATION,SOFT BAKE,DEPOSIT METAL 1,EPITAXY PREP
valid_0211,MEASURE SURFACE PLANARITY,MEASURE PLANARITY,CMP DIELECTRIC,DEPOSIT POLYSILICON,CMP INTERLAYER DIELECTRIC
valid_0212,DEPOSIT PASSIVATION,DEPOSIT PASSIVATION LAYER,MEASURE METAL THICKNESS,SPIN COAT PHOTORESIST,LOT RELEASE
valid_0213,SPIN COAT PHOTORESIST,MEASURE METAL THICKNESS,MEASURE POLY THICKNESS,FINAL PARTICLE INSPECTION,MEASURE PLANARITY
valid_0214,CURE PASSIVATION,MEASURE BACKSIDE CONTACT,ANNEAL METAL 1,EXPOSE LITHO LEVEL 6,DEPOSIT METAL SEED
valid_0215,MEASURE PLANARITY,MEASURE SURFACE PLANARITY,DEVELOP PHOTORESIST,IMPLANT CHANNEL STOP,MEASURE FILM THICKNESS
valid_0216,MEASURE PASSIVATION THICKNESS,MEASURE PASSIVATION QUALITY,EXPOSE LITHO LEVEL 6,THRESHOLD VOLTAGE TEST,OPEN PAD WINDOW
valid_0217,CMP INTERLAYER DIELECTRIC,MEASURE PLANARITY,MEASURE FILM THICKNESS,CMP DIELECTRIC,MEASURE THICKNESS
valid_0218,MEASURE LINE WIDTH,DEPOSIT PASSIVATION,DEPOSIT PASSIVATION LAYER,MEASURE POLY THICKNESS,VIA OPENING INSPECTION
valid_0219,SOFT BAKE,MEASURE CONTACT RESISTANCE,STRIP PHOTORESIST,DEPOSIT METAL 1,ALIGN MASK LEVEL 4
valid_0220,MEASURE PASSIVATION THICKNESS,MEASURE PASSIVATION QUALITY,SPIN COAT PHOTORESIST,EXPOSE LITHO LEVEL 6,FILL VIA METAL
valid_0221,MEASURE SURFACE PLANARITY,MEASURE PLANARITY,FINAL CD INSPECTION,FINAL OXIDE CHECK,ANNEAL METAL
valid_0222,MEASURE PASSIVATION QUALITY,MEASURE PASSIVATION THICKNESS,CURE PASSIVATION,SPIN COAT PHOTORESIST,DEPOSIT GATE OXIDE OR DIELECTRIC
valid_0223,MEASURE SURFACE PLANARITY,MEASURE PLANARITY,CMP DIELECTRIC,VIA INSPECTION,MEASURE POLY THICKNESS
valid_0224,CURE PASSIVATION,MEASURE BACKSIDE CONTACT,DEPOSIT METAL SEED,FINAL CLEAN,MEASURE PASSIVATION QUALITY
valid_0225,SPIN COAT PHOTORESIST,DEPOSIT PASSIVATION LAYER,FINAL THICKNESS MEASURE,MEASURE PASSIVATION QUALITY,RAPID THERMAL ANNEAL
valid_0226,CURE PASSIVATION,EXPOSE LITHO LEVEL 4,MEASURE PASSIVATION QUALITY,DEPOSIT PASSIVATION LAYER,MEASURE BACKSIDE CONTACT
valid_0227,MEASURE FILM THICKNESS,MEASURE DIELECTRIC THICKNESS,SPIN COAT PHOTORESIST,MEASURE OXIDE THICKNESS,BACKSIDE CLEAN
valid_0228,DEPOSIT PASSIVATION LAYER,DEPOSIT PASSIVATION,MEASURE LINE WIDTH,BACKSIDE ETCH CLEAN,FRONTSIDE CLEAN FINAL
valid_0229,SPIN COAT PHOTORESIST,MEASURE POLY THICKNESS,FINAL CD INSPECTION,MEASURE PASSIVATION QUALITY,MEASURE GEOMETRY
valid_0230,CURE PASSIVATION,MEASURE PASSIVATION QUALITY,MEASURE BACKSIDE CONTACT,EXPOSE LITHO LEVEL 6,ANNEAL METAL 1
valid_0231,DENSIFY OXIDE,DENSIFY DIELECTRIC,HARD BAKE,WET CLEAN RCA1,OXIDE ETCH DRY
valid_0232,MEASURE LINE WIDTH,DEPOSIT PASSIVATION,DEPOSIT PASSIVATION LAYER,FINAL THICKNESS MEASURE,METAL ETCH
valid_0233,SOFT BAKE,MEASURE METAL THICKNESS,LOT RELEASE,MEASURE FILM THICKNESS,ALIGN MASK LEVEL 4
valid_0234,CURE PASSIVATION,MEASURE BACKSIDE CONTACT,EXPOSE LITHO LEVEL 6,ANNEAL METAL 1,MEASURE PASSIVATION QUALITY
valid_0235,CMP DIELECTRIC,CMP INTERLAYER DIELECTRIC,ALIGN MASK LEVEL 5,MEASURE DIELECTRIC THICKNESS,MEASURE LINE WIDTH
valid_0236,MEASURE LINE WIDTH,DEPOSIT PASSIVATION LAYER,DEPOSIT PASSIVATION,SPIN COAT PHOTORESIST,PACKAGE PREPARATION
valid_0237,SPIN COAT PHOTORESIST,MEASURE POLY THICKNESS,MEASURE PASSIVATION QUALITY,MEASURE GEOMETRY,DENSIFY DIELECTRIC
valid_0238,CURE PASSIVATION,ANNEAL METAL 1,MEASURE BACKSIDE CONTACT,SOFT BAKE,EXPOSE LITHO LEVEL 6
valid_0239,MEASURE SURFACE PLANARITY,MEASURE PLANARITY,IMPLANT N BUFFER,MEASURE OXIDE QUALITY,GATE OXIDE GROWTH
valid_0240,CURE PASSIVATION,MEASURE BACKSIDE CONTACT,DEPOSIT PASSIVATION,ANNEAL METAL 1,VIA ETCH
valid_0241,MEASURE DIELECTRIC THICKNESS,MEASURE FILM THICKNESS,MEASURE DEVICE PARAMETER,IMPLANT N-TYPE,MEASURE PLANARITY
valid_0242,CURE PASSIVATION,MEASURE BACKSIDE CONTACT,MEASURE PASSIVATION QUALITY,BACKSIDE CLEAN,EXPOSE LITHO LEVEL 6
valid_0243,CMP DIELECTRIC,CMP INTERLAYER DIELECTRIC,STRIP RESIST,FINAL THICKNESS MEASURE,MEASURE LINE WIDTH
valid_0244,MEASURE LINE WIDTH,DEPOSIT PASSIVATION,DEPOSIT PASSIVATION LAYER,MEASURE CONTACT RESISTANCE,EXPOSE LITHO LEVEL 2
valid_0245,SPIN COAT PHOTORESIST,DENSIFY DIELECTRIC,STRIP RESIST,FINAL THICKNESS MEASURE,MEASURE POLY THICKNESS
valid_0246,MEASURE PASSIVATION THICKNESS,MEASURE PASSIVATION QUALITY,SPIN COAT PHOTORESIST,ANNEAL DIELECTRIC,EXPOSE LITHO LEVEL 6
valid_0247,SPIN COAT PHOTORESIST,FINAL THICKNESS MEASURE,CMP INTERLAYER DIELECTRIC,DENSIFY DIELECTRIC,DEPOSIT GATE OXIDE OR DIELECTRIC
valid_0248,CURE PASSIVATION,MEASURE PASSIVATION QUALITY,EXPOSE LITHO LEVEL 6,BACKSIDE CLEAN,ANNEAL METAL 1
valid_0249,SOFT BAKE,DEPOSIT METAL 1,MEASURE METAL THICKNESS,STRIP PHOTORESIST,MEASURE CONTACT RESISTANCE
valid_0250,CURE PASSIVATION,ANNEAL METAL 1,MEASURE SURFACE PLANARITY,SOFT BAKE,EXPOSE LITHO LEVEL 6
valid_0251,MEASURE SURFACE PLANARITY,MEASURE PLANARITY,HARD BAKE,MEASURE DIELECTRIC THICKNESS,MEASURE THICKNESS
valid_0252,MEASURE PASSIVATION THICKNESS,MEASURE PASSIVATION QUALITY,SOFT BAKE,EXPOSE LITHO LEVEL 4,ANNEAL DIELECTRIC
valid_0253,SPIN COAT PHOTORESIST,DEPOSIT PASSIVATION,MEASURE POLY THICKNESS,DEPOSIT BARRIER METAL,DEPOSIT METAL 1
valid_0254,MEASURE PASSIVATION THICKNESS,MEASURE PASSIVATION QUALITY,FILL VIA METAL,EXPOSE LITHO LEVEL 6,ANNEAL DIELECTRIC
valid_0255,MEASURE SURFACE PLANARITY,MEASURE PLANARITY,MEASURE PASSIVATION THICKNESS,MEASURE PASSIVATION QUALITY,FINAL GEOMETRY CHECK
valid_0256,MEASURE PASSIVATION THICKNESS,MEASURE PASSIVATION QUALITY,THRESHOLD VOLTAGE TEST,ANNEAL DIELECTRIC,METAL ETCH
valid_0257,SPIN COAT PHOTORESIST,MEASURE PASSIVATION QUALITY,DENSIFY DIELECTRIC,MEASURE POLY THICKNESS,DEPOSIT BARRIER METAL
valid_0258,CURE PASSIVATION,MEASURE PASSIVATION QUALITY,EXPOSE LITHO LEVEL 6,MEASURE BACKSIDE CONTACT,BACKSIDE CLEAN
valid_0259,MEASURE PLANARITY,MEASURE SURFACE PLANARITY,MEASURE DIELECTRIC THICKNESS,IMPLANT N BUFFER,MEASURE SURFACE UNIFORMITY
valid_0260,CURE PASSIVATION,MEASURE BACKSIDE CONTACT,ANNEAL METAL 1,EXPOSE LITHO LEVEL 6,DEPOSIT METAL SEED
valid_0261,MEASURE SURFACE PLANARITY,MEASURE PLANARITY,FINAL PARTICLE INSPECTION,ANNEAL METAL 1,MEASURE POLY THICKNESS
valid_0262,CURE PASSIVATION,MEASURE BACKSIDE CONTACT,EXPOSE LITHO LEVEL 6,PASSIVATION ETCH,ANNEAL METAL 1
valid_0263,CMP INTERLAYER DIELECTRIC,CMP DIELECTRIC,DEPOSIT BARRIER METAL,VIA ETCH THROUGH DIELECTRIC,ALIGN MASK LEVEL 5
valid_0264,CURE PASSIVATION,ANNEAL METAL 1,MEASURE FILM THICKNESS,BACKSIDE CLEAN,MEASURE PASSIVATION QUALITY
valid_0265,MEASURE FILM THICKNESS,MEASURE DIELECTRIC THICKNESS,SPIN COAT PHOTORESIST,ANNEAL METAL 1,FINAL THICKNESS MEASURE
valid_0266,CURE PASSIVATION,MEASURE PASSIVATION QUALITY,ANNEAL METAL 1,MEASURE BACKSIDE CONTACT,EXPOSE LITHO LEVEL 6
valid_0267,SOFT BAKE,MEASURE METAL THICKNESS,STRIP PHOTORESIST,MEASURE FILM THICKNESS,MEASURE CONTACT RESISTANCE
valid_0268,CURE PASSIVATION,ANNEAL METAL 1,MEASURE BACKSIDE CONTACT,THERMAL OXIDATION,DEPOSIT METAL SEED
valid_0269,SPIN COAT PHOTORESIST,DEPOSIT BARRIER METAL,DEPOSIT METAL 1,MEASURE GEOMETRY,DEPOSIT PASSIVATION LAYER
valid_0270,MEASURE PASSIVATION QUALITY,MEASURE PASSIVATION THICKNESS,FILL VIA METAL,EXPOSE LITHO LEVEL 6,ANNEAL DIELECTRIC
valid_0271,MEASURE SURFACE PLANARITY,MEASURE PLANARITY,MEASURE FILM THICKNESS,MEASURE DIELECTRIC THICKNESS,MEASURE POLY THICKNESS
valid_0272,CURE PASSIVATION,MEASURE BACKSIDE CONTACT,ANNEAL METAL 1,EXPOSE LITHO LEVEL 4,MEASURE PASSIVATION QUALITY
valid_0273,MEASURE FILM THICKNESS,MEASURE DIELECTRIC THICKNESS,FINAL GEOMETRY CHECK,MEASURE SHEET RESISTANCE,FINAL THICKNESS MEASURE
valid_0274,DEPOSIT PASSIVATION,DEPOSIT PASSIVATION LAYER,MEASURE LINE WIDTH,DEVELOP PAD WINDOW,PACKAGE PREPARATION
valid_0275,SPIN COAT PHOTORESIST,DEPOSIT BARRIER METAL,FINAL THICKNESS MEASURE,MEASURE LINE WIDTH,CURE PASSIVATION
valid_0276,CURE PASSIVATION,MEASURE BACKSIDE CONTACT,MEASURE PASSIVATION QUALITY,DEPOSIT METAL SEED,EXPOSE LITHO LEVEL 6
valid_0277,SPIN COAT PHOTORESIST,DEPOSIT PASSIVATION LAYER,DEPOSIT BARRIER METAL,CMP INTERLAYER DIELECTRIC,MEASURE GEOMETRY
valid_0278,MEASURE PASSIVATION THICKNESS,MEASURE PASSIVATION QUALITY,EXPOSE LITHO LEVEL 6,FILL VIA METAL,FILL VIA TUNGSTEN
valid_0279,SPIN COAT PHOTORESIST,DEPOSIT GATE OXIDE OR DIELECTRIC,STRIP RESIST,MEASURE PASSIVATION QUALITY,FINAL THICKNESS MEASURE
valid_0280,CURE PASSIVATION,MEASURE PASSIVATION QUALITY,MEASURE BACKSIDE CONTACT,EXPOSE LITHO LEVEL 6,DEPOSIT METAL SEED
valid_0281,DENSIFY DIELECTRIC,DENSIFY OXIDE,DEVELOP PHOTORESIST,RAPID THERMAL ANNEAL,HARD BAKE
valid_0282,CLEAN AFTER METAL ETCH,MEASURE VIA RESISTANCE,BACKSIDE RINSE,ANNEAL METAL,ANNEAL DIELECTRIC
valid_0283,MEASURE PLANARITY,MEASURE SURFACE PLANARITY,FINAL PARTICLE INSPECTION,MEASURE PAD OPENING,CMP INTERLAYER DIELECTRIC
valid_0284,CURE PASSIVATION,MEASURE BACKSIDE CONTACT,MEASURE PASSIVATION QUALITY,EXPOSE LITHO LEVEL 6,ANNEAL METAL 1
valid_0285,MEASURE FILM THICKNESS,MEASURE DIELECTRIC THICKNESS,CMP DIELECTRIC,CMP INTERLAYER DIELECTRIC,SPIN COAT PHOTORESIST
valid_0286,DEPOSIT PASSIVATION LAYER,DEPOSIT PASSIVATION,YIELD ANALYSIS,EPITAXY PREP,SURFACE PREP FOR DEPOSITION
valid_0287,EXPOSE LITHO LEVEL 5,WAFER SORT TEST,EXPOSE LITHO LEVEL 6,EXPOSE LITHO LEVEL 4,ALIGN MASK LEVEL 6
valid_0288,MEASURE PASSIVATION THICKNESS,MEASURE PASSIVATION QUALITY,DEPOSIT INTERLAYER DIELECTRIC,MEASURE SHEET RESISTANCE,EXPOSE LITHO LEVEL 1
valid_0289,SPIN COAT PHOTORESIST,MEASURE POLY THICKNESS,FINAL THICKNESS MEASURE,CLEAN AFTER ETCH,MEASURE METAL THICKNESS
valid_0290,DEPOSIT PASSIVATION,DEPOSIT PASSIVATION LAYER,BACKSIDE ETCH CLEAN,ANNEAL METAL 1,DEPOSIT BACKSIDE PROTECTION
valid_0291,SPIN COAT PHOTORESIST,FINAL THICKNESS MEASURE,MEASURE PASSIVATION QUALITY,STRIP RESIST,DEPOSIT BARRIER METAL
valid_0292,CURE PASSIVATION,MEASURE BACKSIDE CONTACT,ANNEAL METAL 1,EXPOSE LITHO LEVEL 6,MEASURE PASSIVATION QUALITY
valid_0293,SPIN COAT PHOTORESIST,CMP INTERLAYER DIELECTRIC,DEPOSIT PASSIVATION LAYER,MEASURE POLY THICKNESS,FINAL THICKNESS MEASURE
valid_0294,DEPOSIT PASSIVATION LAYER,DEPOSIT PASSIVATION,DEPOSIT METAL 1,SPIN COAT PHOTORESIST,FINAL CLEAN
valid_0295,MEASURE PLANARITY,MEASURE SURFACE PLANARITY,MEASURE POLY THICKNESS,MEASURE PASSIVATION THICKNESS,IMPLANT N BUFFER
valid_0296,CURE PASSIVATION,ANNEAL METAL 1,MEASURE BACKSIDE CONTACT,MEASURE PASSIVATION QUALITY,DEPOSIT METAL SEED
valid_0297,MEASURE FILM THICKNESS,MEASURE DIELECTRIC THICKNESS,SPIN COAT PHOTORESIST,FINAL PARTICLE INSPECTION,PASSIVATION ETCH PAD OPENING
valid_0298,MEASURE LINE WIDTH,DEPOSIT PASSIVATION LAYER,DEPOSIT PASSIVATION,LOT RELEASE,SPIN COAT PHOTORESIST
valid_0299,MEASURE PLANARITY,MEASURE SURFACE PLANARITY,ALIGN MASK LEVEL 5,BACKSIDE THINNING CHECK,MEASURE POLY THICKNESS
valid_0300,CURE PASSIVATION,ANNEAL METAL 1,MEASURE BACKSIDE CONTACT,MEASURE PASSIVATION QUALITY,EXPOSE LITHO LEVEL 6
valid_0301,MEASURE SURFACE PLANARITY,MEASURE PLANARITY,MEASURE PASSIVATION THICKNESS,IMPLANT DRAIN / CATHODE REGION,RAPID THERMAL ANNEAL
valid_0302,CURE PASSIVATION,ANNEAL METAL 1,BACKSIDE CLEAN,SOFT BAKE,POLY PATTERN INSPECTION
valid_0303,MEASURE DIELECTRIC THICKNESS,MEASURE FILM THICKNESS,CMP DIELECTRIC,MEASURE CD LEVEL 1,ETCH WET BACKSIDE
valid_0304,MEASURE LINE WIDTH,DEPOSIT PASSIVATION,DEPOSIT PASSIVATION LAYER,MEASURE CONTACT RESISTANCE,DRIVE IN DIFFUSION
valid_0305,SPIN COAT PHOTORESIST,CMP INTERLAYER DIELECTRIC,DEPOSIT PASSIVATION LAYER,MEASURE PASSIVATION QUALITY,FINAL LOT RELEASE
valid_0306,MEASURE PASSIVATION QUALITY,MEASURE PASSIVATION THICKNESS,DIELECTRIC ETCH VIA,EXPOSE LITHO LEVEL 6,ANNEAL METAL
valid_0307,MEASURE PLANARITY,MEASURE SURFACE PLANARITY,CMP INTERLAYER DIELECTRIC,CMP DIELECTRIC,MEASURE DIELECTRIC THICKNESS
valid_0308,CURE PASSIVATION,EXPOSE LITHO LEVEL 6,MEASURE PASSIVATION QUALITY,DEPOSIT METAL SEED,MEASURE BACKSIDE CONTACT
valid_0309,SPIN COAT PHOTORESIST,MEASURE POLY THICKNESS,FINAL THICKNESS MEASURE,DEPOSIT METAL 1,ETCH WET BACKSIDE
valid_0310,CURE PASSIVATION,MEASURE BACKSIDE CONTACT,ANNEAL METAL 1,EXPOSE LITHO LEVEL 6,DEPOSIT METAL SEED
valid_0311,MEASURE SURFACE PLANARITY,MEASURE PLANARITY,CMP DIELECTRIC,CMP INTERLAYER DIELECTRIC,MEASURE PASSIVATION THICKNESS
valid_0312,CURE PASSIVATION,ANNEAL METAL 1,MEASURE SURFACE PLANARITY,MEASURE BACKSIDE CONTACT,DEPOSIT METAL SEED
valid_0313,CMP INTERLAYER DIELECTRIC,CMP DIELECTRIC,MEASURE OXIDE THICKNESS,MEASURE FILM THICKNESS,ALIGN MASK LEVEL 5
valid_0314,DEPOSIT PASSIVATION,DEPOSIT PASSIVATION LAYER,MEASURE LINE WIDTH,PACKAGE PREPARATION,DEPOSIT BACKSIDE PROTECTION
valid_0315,SPIN COAT PHOTORESIST,CMP INTERLAYER DIELECTRIC,MEASURE POLY THICKNESS,DEPOSIT BARRIER METAL,MEASURE PASSIVATION QUALITY
valid_0316,MEASURE LINE WIDTH,DEPOSIT PASSIVATION LAYER,DEPOSIT PASSIVATION,VIA OPENING INSPECTION,CLEAN AFTER METAL ETCH
valid_0317,MEASURE DIELECTRIC THICKNESS,MEASURE FILM THICKNESS,POST EXPOSE BAKE,CLEAN AFTER WINDOW ETCH,IMPLANT N-TYPE
valid_0318,MEASURE PASSIVATION THICKNESS,MEASURE PASSIVATION QUALITY,SPIN COAT PHOTORESIST,FINAL THICKNESS MEASURE,CURE PASSIVATION
valid_0319,MEASURE PLANARITY,CMP INTERLAYER DIELECTRIC,MEASURE SURFACE PLANARITY,DEVELOP PHOTORESIST,CMP DIELECTRIC
valid_0320,CURE PASSIVATION,MEASURE BACKSIDE CONTACT,DEPOSIT PASSIVATION LAYER,MEASURE PASSIVATION QUALITY,DEPOSIT PASSIVATION
valid_0321,SPIN COAT PHOTORESIST,MEASURE POLY THICKNESS,MEASURE CONTACT RESISTANCE,CMP INTERLAYER DIELECTRIC,DEPOSIT BARRIER METAL
valid_0322,CURE PASSIVATION,DEPOSIT PASSIVATION LAYER,MEASURE BACKSIDE CONTACT,MEASURE PASSIVATION QUALITY,DEPOSIT PASSIVATION
valid_0323,SOFT BAKE,MEASURE METAL THICKNESS,DEPOSIT METAL 1,DEPOSIT PASSIVATION,MEASURE FILM THICKNESS
valid_0324,OPEN BOND PAD WINDOW,OPEN PAD WINDOW,CMP INTERLAYER DIELECTRIC,ANNEAL METAL,DEVELOP PHOTORESIST
valid_0325,CMP INTERLAYER DIELECTRIC,CMP DIELECTRIC,SPIN COAT PHOTORESIST,HARD BAKE,MEASURE PASSIVATION QUALITY
valid_0326,DEPOSIT PASSIVATION LAYER,DEPOSIT PASSIVATION,MEASURE DEVICE PARAMETER,SPIN COAT PHOTORESIST,LOT RELEASE
valid_0327,SPIN COAT PHOTORESIST,CMP INTERLAYER DIELECTRIC,FINAL THICKNESS MEASURE,MEASURE FILM THICKNESS,CLEAN AFTER ETCH
valid_0328,CURE PASSIVATION,MEASURE BACKSIDE CONTACT,DEPOSIT METAL SEED,EXPOSE LITHO LEVEL 6,POLY PATTERN INSPECTION
valid_0329,MEASURE SURFACE PLANARITY,MEASURE PLANARITY,MEASURE PASSIVATION THICKNESS,MEASURE PASSIVATION QUALITY,ANNEAL METAL
valid_0330,MEASURE PASSIVATION THICKNESS,MEASURE PASSIVATION QUALITY,THRESHOLD VOLTAGE TEST,BREAKDOWN VOLTAGE TEST,FINAL LOT RELEASE
valid_0331,MEASURE PLANARITY,MEASURE SURFACE PLANARITY,FIELD OXIDE ETCH,MEASURE FILM THICKNESS,CMP INTERLAYER DIELECTRIC
valid_0332,CURE PASSIVATION,BACKSIDE CLEAN,DEPOSIT METAL SEED,ANNEAL METAL 1,FINAL CLEAN
valid_0333,DENSIFY OXIDE,DENSIFY DIELECTRIC,DEPOSIT INTERLEVEL DIELECTRIC,DEPOSIT FIELD OXIDE,FINAL GEOMETRY CHECK
valid_0334,MEASURE LINE WIDTH,DEPOSIT PASSIVATION,DEPOSIT PASSIVATION LAYER,VIA OPENING INSPECTION,MEASURE CONTACT RESISTANCE
valid_0335,CMP DIELECTRIC,CMP INTERLAYER DIELECTRIC,MEASURE DIELECTRIC THICKNESS,DEVELOP PAD WINDOW,BACKSIDE GRIND
valid_0336,MEASURE PASSIVATION THICKNESS,MEASURE PASSIVATION QUALITY,ANNEAL DIELECTRIC,VIA OPENING INSPECTION,FINAL THICKNESS MEASURE
valid_0337,CMP INTERLAYER DIELECTRIC,CMP DIELECTRIC,HARD BAKE,MEASURE DIELECTRIC THICKNESS,ANNEAL METAL
valid_0338,DEPOSIT PASSIVATION,DEPOSIT PASSIVATION LAYER,FINAL GEOMETRY CHECK,MEASURE LINE WIDTH,PACKAGE PREPARATION
valid_0339,SOFT BAKE,MEASURE CONTACT RESISTANCE,MEASURE FILM THICKNESS,MEASURE METAL THICKNESS,STRIP PHOTORESIST
valid_0340,CURE PASSIVATION,EXPOSE LITHO LEVEL 6,MEASURE BACKSIDE CONTACT,ANNEAL METAL 1,MEASURE SURFACE PLANARITY
valid_0341,SPIN COAT PHOTORESIST,MEASURE POLY THICKNESS,FINAL CD INSPECTION,MEASURE METAL THICKNESS,MEASURE PASSIVATION QUALITY
valid_0342,OPEN PAD WINDOW,OPEN BOND PAD WINDOW,PAD WINDOW LITHO,MEASURE METAL THICKNESS,CURE PASSIVATION
valid_0343,SPIN COAT PHOTORESIST,MEASURE PASSIVATION QUALITY,DEPOSIT BARRIER METAL,MEASURE POLY THICKNESS,CMP INTERLAYER DIELECTRIC
valid_0344,MEASURE PASSIVATION THICKNESS,MEASURE PASSIVATION QUALITY,EXPOSE LITHO LEVEL 6,SPIN COAT PHOTORESIST,ANNEAL DIELECTRIC
valid_0345,SPIN COAT PHOTORESIST,MEASURE POLY THICKNESS,MEASURE PASSIVATION QUALITY,MEASURE GEOMETRY,FINAL CD INSPECTION
valid_0346,MEASURE PASSIVATION QUALITY,DEPOSIT POLYSILICON,MEASURE PASSIVATION THICKNESS,EXPOSE LITHO LEVEL 4,DEPOSIT BARRIER METAL
valid_0347,CMP INTERLAYER DIELECTRIC,CMP DIELECTRIC,STRIP PHOTORESIST,MEASURE OXIDE QUALITY,CLEAN AFTER ETCH
valid_0348,DEPOSIT PASSIVATION LAYER,DEPOSIT PASSIVATION,PACKAGE PREPARATION,MEASURE LINE WIDTH,METAL ETCH DRY
valid_0349,DEPOSIT INTERLEVEL DIELECTRIC,DEPOSIT INTERLAYER DIELECTRIC,MEASURE FILM THICKNESS,MEASURE SHEET RESISTANCE,MEASURE DEVICE PARAMETER
valid_0350,CLEAN AFTER METAL ETCH,DENSIFY DIELECTRIC,ETCH WET BACKSIDE,BACKSIDE RINSE,ANNEAL DIELECTRIC
valid_0351,CMP DIELECTRIC,CMP INTERLAYER DIELECTRIC,MEASURE PASSIVATION QUALITY,SPIN COAT PHOTORESIST,DEVELOP PHOTORESIST
valid_0352,DEPOSIT PASSIVATION LAYER,DEPOSIT PASSIVATION,MEASURE LINE WIDTH,PACKAGE PREPARATION,LOT RELEASE
valid_0353,ALIGN MASK LEVEL 5,DEPOSIT INTERLEVEL DIELECTRIC,MEASURE VIA CD,EPITAXIAL DEPOSITION,POLYSILICON ANNEAL
valid_0354,CURE PASSIVATION,ANNEAL METAL 1,EXPOSE LITHO LEVEL 6,DEPOSIT METAL SEED,MEASURE PASSIVATION QUALITY
valid_0355,SPIN COAT PHOTORESIST,MEASURE POLY THICKNESS,FINAL PARTICLE INSPECTION,DEPOSIT PASSIVATION,DEPOSIT BARRIER METAL
valid_0356,MEASURE LINE WIDTH,DEPOSIT PASSIVATION,DEPOSIT PASSIVATION LAYER,MEASURE METAL THICKNESS,VIA OPENING INSPECTION
valid_0357,MEASURE PLANARITY,MEASURE SURFACE PLANARITY,INSPECT PATTERN LEVEL 1,MEASURE LINE WIDTH,MEASURE RESISTIVITY
valid_0358,CURE PASSIVATION,EXPOSE LITHO LEVEL 6,MEASURE PASSIVATION QUALITY,MEASURE SURFACE PLANARITY,MEASURE GEOMETRY
valid_0359,SPIN COAT PHOTORESIST,MEASURE POLY THICKNESS,MEASURE PASSIVATION QUALITY,DEPOSIT PASSIVATION LAYER,DEPOSIT TOP METAL
valid_0360,CURE PASSIVATION,EXPOSE LITHO LEVEL 6,MEASURE PASSIVATION QUALITY,EXPOSE LITHO LEVEL 4,POLY PATTERN INSPECTION
valid_0361,SPIN COAT PHOTORESIST,DEPOSIT GATE OXIDE OR DIELECTRIC,DEPOSIT PASSIVATION LAYER,FINAL THICKNESS MEASURE,DENSIFY DIELECTRIC
valid_0362,CURE PASSIVATION,EXPOSE LITHO LEVEL 6,MEASURE BACKSIDE CONTACT,MEASURE PASSIVATION QUALITY,ANNEAL METAL 1
valid_0363,MEASURE FILM THICKNESS,MEASURE DIELECTRIC THICKNESS,HARD BAKE,MEASURE SHEET RESISTANCE,MEASURE OXIDE THICKNESS
valid_0364,MEASURE LINE WIDTH,DEPOSIT PASSIVATION,DEPOSIT PASSIVATION LAYER,MEASURE CONTACT RESISTANCE,VIA OPENING INSPECTION
valid_0365,ALIGN MASK LEVEL 5,EXPOSE LITHO LEVEL 5,BACKSIDE DRY,YIELD ANALYSIS,DEPOSIT POLYSILICON
valid_0366,DEPOSIT PASSIVATION LAYER,DEPOSIT PASSIVATION,PRE ANNEAL CHECK,IMPLANT LDD,SURFACE PREP FOR DEPOSITION
valid_0367,MEASURE SURFACE PLANARITY,MEASURE PLANARITY,MEASURE PASSIVATION THICKNESS,MEASURE PASSIVATION QUALITY,MEASURE GATE CD
valid_0368,MEASURE PASSIVATION THICKNESS,MEASURE PASSIVATION QUALITY,THRESHOLD VOLTAGE TEST,EXPOSE LITHO LEVEL 6,ANNEAL DIELECTRIC
valid_0369,SPIN COAT PHOTORESIST,RAPID THERMAL ANNEAL,MEASURE FILM THICKNESS,CMP INTERLAYER DIELECTRIC,MEASURE METAL THICKNESS
valid_0370,CURE PASSIVATION,MEASURE BACKSIDE CONTACT,MEASURE PASSIVATION QUALITY,PASSIVATION ETCH,VIA INSPECTION
valid_0371,CMP DIELECTRIC,CMP INTERLAYER DIELECTRIC,MEASURE DIELECTRIC THICKNESS,ALIGN MASK LEVEL 5,MEASURE FILM THICKNESS
valid_0372,DEPOSIT PASSIVATION LAYER,DEPOSIT PASSIVATION,CLEAN AFTER POLY ETCH,MEASURE LINE WIDTH,DEPOSIT BACKSIDE PROTECTION
valid_0373,SPIN COAT PHOTORESIST,MEASURE POLY THICKNESS,FINAL CD INSPECTION,MEASURE GEOMETRY,CLEAN AFTER ETCH
valid_0374,CURE PASSIVATION,ANNEAL METAL 1,MEASURE BACKSIDE CONTACT,MEASURE PASSIVATION QUALITY,POLY PATTERN INSPECTION
valid_0375,MEASURE DEVICE PARAMETER,DEPOSIT INTERLAYER DIELECTRIC,DEPOSIT INTERLEVEL DIELECTRIC,EPITAXY PREP,STRIP RESIST LEVEL 2
valid_0376,CLEAN AFTER METAL ETCH,BACKSIDE RINSE,PASSIVATION ETCH PAD OPENING,MEASURE VIA RESISTANCE,DEVELOP PAD WINDOW
valid_0377,CMP DIELECTRIC,CMP INTERLAYER DIELECTRIC,FINAL THICKNESS MEASURE,CLEAN AFTER POLY ETCH,SOFT BAKE
valid_0378,CURE PASSIVATION,ANNEAL METAL 1,MEASURE BACKSIDE CONTACT,THERMAL OXIDATION,VIA INSPECTION
valid_0379,SPIN COAT PHOTORESIST,MEASURE PASSIVATION QUALITY,MEASURE POLY THICKNESS,CMP INTERLAYER DIELECTRIC,DENSIFY DIELECTRIC
valid_0380,MEASURE PASSIVATION QUALITY,MEASURE PASSIVATION THICKNESS,MEASURE VIA CD,EXPOSE LITHO LEVEL 6,ANNEAL DIELECTRIC
valid_0381,MEASURE FILM THICKNESS,MEASURE DIELECTRIC THICKNESS,STRIP PHOTORESIST,STRIP RESIST,MEASURE PLANARITY
valid_0382,MEASURE LINE WIDTH,DEPOSIT PASSIVATION LAYER,DEPOSIT PASSIVATION,MEASURE CONTACT RESISTANCE,PACKAGE PREPARATION
valid_0383,SOFT BAKE,MEASURE METAL THICKNESS,DEPOSIT PASSIVATION,DEPOSIT METAL 1,MEASURE CONTACT RESISTANCE
valid_0384,MEASURE PASSIVATION THICKNESS,MEASURE PASSIVATION QUALITY,CURE PASSIVATION,FINAL THICKNESS MEASURE,SWITCHING TEST
valid_0385,MEASURE SURFACE PLANARITY,MEASURE PLANARITY,DEVELOP PHOTORESIST,ANNEAL METAL,HARD BAKE
valid_0386,CURE PASSIVATION,MEASURE BACKSIDE CONTACT,ANNEAL METAL 1,MEASURE PASSIVATION QUALITY,DEPOSIT METAL SEED
valid_0387,ALIGN MASK LEVEL 5,EXPOSE LITHO LEVEL 5,DEPOSIT METAL SEED,BACKSIDE DRY,DEPOSIT POLYSILICON
valid_0388,CURE PASSIVATION,MEASURE BACKSIDE CONTACT,EXPOSE LITHO LEVEL 6,MEASURE PASSIVATION QUALITY,ANNEAL METAL 1
valid_0389,MEASURE PLANARITY,MEASURE SURFACE PLANARITY,ANNEAL METAL,MEASURE PASSIVATION QUALITY,GATE OXIDE GROWTH
valid_0390,CURE PASSIVATION,MEASURE PASSIVATION QUALITY,ANNEAL METAL 1,EXPOSE LITHO LEVEL 6,MEASURE BACKSIDE CONTACT
valid_0391,SPIN COAT PHOTORESIST,CMP INTERLAYER DIELECTRIC,MEASURE GEOMETRY,MEASURE PASSIVATION QUALITY,FINAL THICKNESS MEASURE
valid_0392,DEPOSIT PASSIVATION LAYER,DEPOSIT PASSIVATION,MEASURE LINE WIDTH,PACKAGE PREPARATION,DEPOSIT BACKSIDE PROTECTION
valid_0393,MEASURE PLANARITY,MEASURE SURFACE PLANARITY,ANNEAL METAL,MEASURE PASSIVATION THICKNESS,HARD BAKE
valid_0394,CURE PASSIVATION,ANNEAL METAL 1,EXPOSE LITHO LEVEL 4,MEASURE PASSIVATION QUALITY,EXPOSE LITHO LEVEL 6
valid_0395,SPIN COAT PHOTORESIST,MEASURE POLY THICKNESS,MEASURE METAL THICKNESS,FINAL CD INSPECTION,FINAL THICKNESS MEASURE
valid_0396,MEASURE PASSIVATION THICKNESS,MEASURE CONTACT RESISTANCE,MEASURE PASSIVATION QUALITY,BACKSIDE THINNING CHECK,MEASURE SURFACE PLANARITY
valid_0397,CMP INTERLAYER DIELECTRIC,CMP DIELECTRIC,IMPLANT N-TYPE,MEASURE INITIAL GEOMETRY,EXPOSE LITHO LEVEL 5
valid_0398,CURE PASSIVATION,MEASURE PASSIVATION QUALITY,DEPOSIT METAL SEED,BACKSIDE CLEAN,MEASURE BACKSIDE CONTACT
valid_0399,MEASURE SURFACE PLANARITY,MEASURE PLANARITY,IMPLANT DRAIN / CATHODE REGION,DENSIFY OXIDE,MEASURE METAL THICKNESS
valid_0400,DEPOSIT PASSIVATION,DEPOSIT PASSIVATION LAYER,MEASURE METAL THICKNESS,DEPOSIT TOP METAL,MEASURE LINE WIDTH
valid_0401,DEPOSIT TUNGSTEN SEED,MEASURE PAD OPENING,PATTERN INSPECTION LEVEL 2,ANNEAL POLYSILICON,EXPOSE LITHO LEVEL 2
valid_0402,PASSIVATION ETCH,PASSIVATION ETCH PAD OPENING,VIA ETCH THROUGH DIELECTRIC,DIELECTRIC ETCH VIA,HARD BAKE
valid_0403,MEASURE VIA CD,DEPOSIT BARRIER METAL,MEASURE CONTACT RESISTANCE,IMPLANT N-TYPE,CLEAN AFTER VIA ETCH
valid_0404,PASSIVATION ETCH PAD OPENING,PASSIVATION ETCH,DIELECTRIC ETCH VIA,VIA ETCH THROUGH DIELECTRIC,METAL ETCH DRY
valid_0405,MEASURE VIA CD,DEPOSIT BARRIER METAL,IMPLANT N-TYPE,MEASURE CD LEVEL 2,DEPOSIT BACKSIDE PROTECTION
valid_0406,MEASURE PASSIVATION QUALITY,MEASURE PASSIVATION THICKNESS,DEPOSIT POLYSILICON,MEASURE SURFACE PLANARITY,ANNEAL DIELECTRIC
valid_0407,STRIP RESIST,STRIP PHOTORESIST,HARD BAKE,PASSIVATION ETCH PAD OPENING,SOFT BAKE
valid_0408,MEASURE PASSIVATION QUALITY,MEASURE PASSIVATION THICKNESS,OPEN PAD WINDOW,FINAL OXIDE CHECK,PARAMETRIC TEST
valid_0409,STRIP PHOTORESIST,STRIP RESIST,SOFT BAKE,HARD BAKE,DENSIFY OXIDE
valid_0410,OPEN PAD WINDOW,OPEN BOND PAD WINDOW,MEASURE METAL THICKNESS,SPIN COAT PHOTORESIST,FILL VIA TUNGSTEN
valid_0411,CLEAN AFTER VIA ETCH,MEASURE VIA CD,INITIAL WAFER INSPECTION,CLEAN AFTER FIELD ETCH,BACKSIDE GRIND
valid_0412,OPEN BOND PAD WINDOW,OPEN PAD WINDOW,OPEN PAD WINDOW LITHO,PAD WINDOW LITHO,FILL VIA TUNGSTEN
valid_0413,STRIP RESIST,STRIP PHOTORESIST,DEVELOP PAD WINDOW,SOFT BAKE,FINAL PARTICLE INSPECTION
valid_0414,MEASURE PASSIVATION THICKNESS,MEASURE PASSIVATION QUALITY,MEASURE CD LEVEL 2,THRESHOLD VOLTAGE TEST,EXPOSE LITHO LEVEL 6
valid_0415,CLEAN AFTER VIA ETCH,CLEAN AFTER FIELD ETCH,MEASURE VIA CD,CLEAN AFTER ETCH,ANNEAL METAL 1
valid_0416,DEVELOP PHOTORESIST,DEVELOP PAD WINDOW,POST EXPOSE BAKE,YIELD ANALYSIS,CLEAN AFTER POLY ETCH
valid_0417,CLEAN AFTER VIA ETCH,MEASURE VIA CD,MEASURE SHEET RESISTANCE,CLEAN AFTER ETCH,CLEAN AFTER FIELD ETCH
valid_0418,PASSIVATION ETCH PAD OPENING,PASSIVATION ETCH,FIELD OXIDE ETCH,STRIP RESIST,VIA ETCH
valid_0419,STRIP PHOTORESIST,STRIP RESIST,SOFT BAKE,HARD BAKE,BACKSIDE CLEAN
valid_0420,CURE PASSIVATION,ANNEAL METAL 1,MEASURE BACKSIDE CONTACT,MEASURE PASSIVATION QUALITY,EXPOSE LITHO LEVEL 4
valid_0421,DEPOSIT TUNGSTEN SEED,DEPOSIT METAL SEED,MEASURE PAD OPENING,ALIGN MASK LEVEL 4,ANNEAL POLYSILICON
valid_0422,PASSIVATION ETCH,PASSIVATION ETCH PAD OPENING,METAL ETCH,STRIP RESIST,STRIP PHOTORESIST
valid_0423,MEASURE VIA CD,DEPOSIT BARRIER METAL,CLEAN AFTER VIA ETCH,FINAL CD INSPECTION,MEASURE SURFACE PLANARITY
valid_0424,OPEN BOND PAD WINDOW,OPEN PAD WINDOW,DIELECTRIC ETCH VIA,DEVELOP PHOTORESIST,VIA ETCH THROUGH DIELECTRIC
valid_0425,CLEAN AFTER VIA ETCH,CLEAN AFTER ETCH,MEASURE VIA CD,CLEAN PAD OPENING,CLEAN AFTER FIELD ETCH
valid_0426,PAD WINDOW LITHO,OPEN PAD WINDOW LITHO,FILL VIA TUNGSTEN,OPEN PAD WINDOW,OPEN BOND PAD WINDOW
valid_0427,CLEAN AFTER VIA ETCH,MEASURE VIA CD,CLEAN AFTER ETCH,MEASURE OXIDE QUALITY,CLEAN AFTER METAL ETCH
valid_0428,OPEN PAD WINDOW,OPEN BOND PAD WINDOW,FILL VIA TUNGSTEN,IMPLANT CHANNEL STOP,HARD BAKE
valid_0429,STRIP RESIST,STRIP PHOTORESIST,FINAL PARTICLE INSPECTION,SOFT BAKE,PASSIVATION ETCH PAD OPENING
valid_0430,PAD WINDOW LITHO,OPEN PAD WINDOW LITHO,STRIP PHOTORESIST,MEASURE JUNCTION PROFILE,CLEAN AFTER METAL ETCH
valid_0431,DEPOSIT BARRIER METAL,MEASURE VIA CD,MEASURE LINE WIDTH,DEPOSIT PASSIVATION,MEASURE METAL THICKNESS
valid_0432,PAD WINDOW LITHO,OPEN PAD WINDOW LITHO,ANNEAL METAL,WET CLEAN RCA2,ANNEAL METAL 1
valid_0433,STRIP RESIST,STRIP PHOTORESIST,PASSIVATION ETCH PAD OPENING,DENSIFY OXIDE,STRIP RESIST LEVEL 2
valid_0434,DEVELOP PHOTORESIST,DEVELOP PAD WINDOW,POST EXPOSE BAKE,DEPOSIT INTERLEVEL DIELECTRIC,WAFER CLEAN PRE-GRIND
valid_0435,DEPOSIT BARRIER METAL,MEASURE VIA RESISTANCE,MEASURE VIA CD,OXIDE ETCH,HARD BAKE
valid_0436,OPEN PAD WINDOW LITHO,PAD WINDOW LITHO,MEASURE DEVICE PARAMETER,OPEN PAD WINDOW,CLEAN AFTER METAL ETCH
valid_0437,CLEAN AFTER VIA ETCH,MEASURE VIA CD,CLEAN AFTER ETCH,MEASURE CD LEVEL 2,IMPLANT N-TYPE
valid_0438,OPEN PAD WINDOW LITHO,PAD WINDOW LITHO,DEVELOP PAD WINDOW,DEVELOP PHOTORESIST,OPEN PAD WINDOW
valid_0439,CLEAN AFTER VIA ETCH,MEASURE VIA CD,PASSIVATION ETCH,CLEAN AFTER METAL ETCH,MEASURE OXIDE QUALITY
valid_0440,OPEN PAD WINDOW LITHO,PAD WINDOW LITHO,CLEAN AFTER POLY ETCH,PATTERN INSPECTION LEVEL 2,POLYSILICON ETCH DRY
valid_0441,STRIP RESIST,STRIP PHOTORESIST,PASSIVATION ETCH PAD OPENING,DEVELOP PAD WINDOW,HARD BAKE
valid_0442,OPEN PAD WINDOW,OPEN BOND PAD WINDOW,HARD BAKE,FILL VIA TUNGSTEN,VIA ETCH THROUGH DIELECTRIC
valid_0443,DEPOSIT BARRIER METAL,DEPOSIT POLYSILICON,FINAL PARTICLE INSPECTION,ANNEAL METAL,MEASURE DIELECTRIC THICKNESS
valid_0444,OPEN PAD WINDOW,OPEN BOND PAD WINDOW,FILL VIA TUNGSTEN,OPEN PAD WINDOW LITHO,DEPOSIT BARRIER METAL
valid_0445,CLEAN AFTER VIA ETCH,CLEAN AFTER FIELD ETCH,CLEAN AFTER ETCH,MEASURE VIA CD,YIELD ANALYSIS
valid_0446,OPEN PAD WINDOW,OPEN BOND PAD WINDOW,HARD BAKE,STRIP RESIST,IMPLANT CHANNEL STOP
valid_0447,CLEAN AFTER VIA ETCH,MEASURE VIA CD,FINAL CD INSPECTION,CLEAN AFTER METAL ETCH,CLEAN AFTER FIELD ETCH
valid_0448,DEVELOP PHOTORESIST,DEVELOP PAD WINDOW,POST EXPOSE BAKE,BACKSIDE CLEAN,HARD BAKE
valid_0449,CLEAN AFTER VIA ETCH,CLEAN AFTER FIELD ETCH,FINAL PARTICLE INSPECTION,MEASURE VIA CD,CLEAN AFTER ETCH
valid_0450,OPEN PAD WINDOW LITHO,PAD WINDOW LITHO,POLYSILICON ETCH DRY,OPEN BOND PAD WINDOW,DEVELOP PHOTORESIST
valid_0451,MEASURE VIA CD,DEPOSIT BARRIER METAL,CLEAN AFTER VIA ETCH,RCA CLEAN 2,DEPOSIT PASSIVATION
valid_0452,DEVELOP PAD WINDOW,DEVELOP PHOTORESIST,FINAL GEOMETRY CHECK,POST EXPOSE BAKE,MEASURE PLANARITY
valid_0453,MEASURE VIA CD,DEPOSIT BARRIER METAL,FINAL ELECTRICAL TEST PREP,PRE ANNEAL CHECK,DEPOSIT FIELD OXIDE
valid_0454,OPEN PAD WINDOW LITHO,PAD WINDOW LITHO,OPEN PAD WINDOW,OPEN BOND PAD WINDOW,DEVELOP PAD WINDOW
valid_0455,DEPOSIT BARRIER METAL,MEASURE VIA RESISTANCE,DEPOSIT POLYSILICON,MEASURE CONTACT RESISTANCE,FINAL PARTICLE INSPECTION
valid_0456,DEVELOP PAD WINDOW,DEVELOP PHOTORESIST,PASSIVATION ETCH PAD OPENING,PASSIVATION ETCH,YIELD ANALYSIS
valid_0457,STRIP RESIST,STRIP PHOTORESIST,SOFT BAKE,MEASURE METAL THICKNESS,PASSIVATION ETCH PAD OPENING
valid_0458,MEASURE PASSIVATION QUALITY,MEASURE PASSIVATION THICKNESS,CURE PASSIVATION,MEASURE CD LEVEL 2,EXPOSE LITHO LEVEL 4
valid_0459,DIELECTRIC ETCH VIA,HARD BAKE,VIA ETCH THROUGH DIELECTRIC,VIA ETCH,MEASURE CONTACT RESISTANCE
valid_0460,MEASURE PASSIVATION QUALITY,MEASURE PASSIVATION THICKNESS,ANNEAL DIELECTRIC,THRESHOLD VOLTAGE TEST,EXPOSE LITHO LEVEL 6
valid_0461,MEASURE VIA CD,DEPOSIT BARRIER METAL,DEPOSIT PASSIVATION,DEPOSIT POLYSILICON,DEPOSIT INTERLEVEL DIELECTRIC
valid_0462,OPEN PAD WINDOW LITHO,PAD WINDOW LITHO,OPEN PAD WINDOW,OPEN BOND PAD WINDOW,LOT RELEASE
valid_0463,DEPOSIT BARRIER METAL,MEASURE VIA CD,HARD BAKE,MEASURE CD LEVEL 1,MEASURE CONTACT RESISTANCE
valid_0464,PAD WINDOW LITHO,OPEN PAD WINDOW LITHO,OPEN PAD WINDOW,PASSIVATION ETCH,INSPECT PATTERN LEVEL 1
valid_0465,HARD BAKE,VIA ETCH,VIA ETCH THROUGH DIELECTRIC,DIELECTRIC ETCH VIA,ETCH SILICON OR OXIDE WINDOW
valid_0466,CURE PASSIVATION,MEASURE PASSIVATION QUALITY,DEPOSIT METAL SEED,EXPOSE LITHO LEVEL 4,EXPOSE LITHO LEVEL 6
valid_0467,CLEAN AFTER VIA ETCH,MEASURE VIA CD,MEASURE FILM THICKNESS,CLEAN AFTER ETCH,LOT IDENTIFICATION
valid_0468,OPEN PAD WINDOW,OPEN BOND PAD WINDOW,MEASURE PASSIVATION THICKNESS,MEASURE PASSIVATION QUALITY,IMPLANT CHANNEL STOP
valid_0469,CLEAN AFTER VIA ETCH,CLEAN AFTER ETCH,MEASURE VIA CD,YIELD ANALYSIS,CLEAN PAD OPENING
valid_0470,OPEN PAD WINDOW,OPEN BOND PAD WINDOW,BACKSIDE GRIND,DEVELOP PHOTORESIST,FILL VIA TUNGSTEN
valid_0471,DEPOSIT BARRIER METAL,MEASURE VIA CD,MEASURE CONTACT RESISTANCE,POST EXPOSE BAKE,DEVELOP PHOTORESIST
valid_0472,PASSIVATION ETCH PAD OPENING,PASSIVATION ETCH,DIELECTRIC ETCH VIA,METAL ETCH DRY,VIA ETCH
valid_0473,STRIP RESIST,STRIP PHOTORESIST,PASSIVATION ETCH PAD OPENING,RAPID THERMAL ANNEAL,SOFT BAKE
valid_0474,MEASURE PASSIVATION QUALITY,MEASURE PASSIVATION THICKNESS,MEASURE OXIDE QUALITY,MEASURE CD LEVEL 2,DEPOSIT TOP METAL
valid_0475,VIA ETCH,DIELECTRIC ETCH VIA,VIA ETCH THROUGH DIELECTRIC,FILL VIA TUNGSTEN,BACKSIDE ANNEAL
valid_0476,MEASURE PASSIVATION QUALITY,MEASURE PASSIVATION THICKNESS,OPEN BOND PAD WINDOW,OPEN PAD WINDOW,DEPOSIT TOP METAL
valid_0477,CLEAN AFTER VIA ETCH,CLEAN AFTER ETCH,CLEAN AFTER METAL ETCH,ANNEAL DIELECTRIC,MEASURE OXIDE QUALITY
valid_0478,OPEN PAD WINDOW,OPEN BOND PAD WINDOW,FILL VIA TUNGSTEN,MEASURE PASSIVATION THICKNESS,MEASURE GATE CD
valid_0479,CLEAN AFTER VIA ETCH,CLEAN AFTER ETCH,IMPLANT DRAIN / CATHODE REGION,MEASURE VIA CD,MEASURE CD LEVEL 2
valid_0480,PAD WINDOW LITHO,OPEN PAD WINDOW LITHO,OPEN PAD WINDOW,MEASURE DEVICE PARAMETER,OPEN BOND PAD WINDOW
valid_0481,MEASURE VIA CD,DEPOSIT BARRIER METAL,STRIP RESIST,STRIP PHOTORESIST,CLEAN AFTER VIA ETCH
valid_0482,OPEN PAD WINDOW,OPEN BOND PAD WINDOW,MEASURE PASSIVATION QUALITY,STRIP RESIST,IMPLANT CHANNEL STOP
valid_0483,DEPOSIT TUNGSTEN SEED,BACKSIDE ANNEAL,MEASURE PAD OPENING,STRIP RESIST,ANNEAL POLYSILICON
valid_0484,DEVELOP PHOTORESIST,DEVELOP PAD WINDOW,FINAL GEOMETRY CHECK,POST EXPOSE BAKE,DEPOSIT INTERLEVEL DIELECTRIC
valid_0485,DEPOSIT BARRIER METAL,MEASURE VIA RESISTANCE,MEASURE CONTACT RESISTANCE,DEPOSIT TUNGSTEN SEED,DEPOSIT POLYSILICON
valid_0486,DEVELOP PAD WINDOW,DEVELOP PHOTORESIST,OPEN PAD WINDOW LITHO,PAD WINDOW LITHO,POST EXPOSE BAKE
valid_0487,CLEAN AFTER VIA ETCH,CLEAN AFTER ETCH,MEASURE VIA CD,ANNEAL DIELECTRIC,CLEAN PAD OPENING
valid_0488,MEASURE PASSIVATION THICKNESS,MEASURE PASSIVATION QUALITY,SPIN COAT PHOTORESIST,OPEN PAD WINDOW,CURE PASSIVATION
valid_0489,CLEAN AFTER VIA ETCH,MEASURE VIA CD,CLEAN AFTER ETCH,MEASURE CD LEVEL 2,STRIP RESIST
valid_0490,OPEN BOND PAD WINDOW,OPEN PAD WINDOW,DEVELOP PHOTORESIST,FINAL CLEAN,POST EXPOSE BAKE
valid_0491,STRIP RESIST,STRIP PHOTORESIST,DEVELOP PAD WINDOW,SOFT BAKE,EXPOSE LITHO LEVEL 3
valid_0492,PAD WINDOW LITHO,OPEN PAD WINDOW LITHO,CLEAN AFTER POLY ETCH,CMP VIA FILL,DEVELOP PAD WINDOW
valid_0493,MEASURE VIA CD,DEPOSIT BARRIER METAL,MEASURE SURFACE PLANARITY,DEPOSIT PASSIVATION LAYER,DEPOSIT PASSIVATION
valid_0494,OPEN PAD WINDOW LITHO,PAD WINDOW LITHO,OPEN PAD WINDOW,DEVELOP PAD WINDOW,POST EXPOSE BAKE
valid_0495,CLEAN AFTER VIA ETCH,CLEAN AFTER FIELD ETCH,CLEAN AFTER ETCH,MEASURE VIA CD,BACKSIDE GRIND
valid_0496,MEASURE PASSIVATION THICKNESS,MEASURE PASSIVATION QUALITY,CURE PASSIVATION,METAL ETCH DRY,MEASURE VIA CD
valid_0497,MEASURE VIA CD,DEPOSIT BARRIER METAL,DEPOSIT POLYSILICON,IMPLANT N-TYPE,MEASURE CD LEVEL 1
valid_0498,DEVELOP PHOTORESIST,DEVELOP PAD WINDOW,POST EXPOSE BAKE,PASSIVATION ETCH PAD OPENING,YIELD ANALYSIS
valid_0499,CLEAN AFTER VIA ETCH,MEASURE OXIDE QUALITY,CLEAN AFTER ETCH,FILL VIA METAL,SURFACE PREP FOR DEPOSITION
valid_0500,OPEN PAD WINDOW LITHO,PAD WINDOW LITHO,CLEAN AFTER METAL ETCH,OPEN PAD WINDOW,OPEN BOND PAD WINDOW
valid_0501,CLEAN AFTER VIA ETCH,MEASURE VIA CD,CLEAN AFTER ETCH,MEASURE OXIDE QUALITY,CLEAN AFTER METAL ETCH
valid_0502,PAD WINDOW LITHO,OPEN PAD WINDOW LITHO,DEVELOP PAD WINDOW,DEVELOP PHOTORESIST,POST EXPOSE BAKE
valid_0503,DEPOSIT BARRIER METAL,DEPOSIT POLYSILICON,SPIN COAT PHOTORESIST,ANNEAL METAL,POST EXPOSE BAKE
valid_0504,PASSIVATION ETCH PAD OPENING,PASSIVATION ETCH,DIELECTRIC ETCH VIA,HARD BAKE,DEVELOP PHOTORESIST
valid_0505,STRIP PHOTORESIST,STRIP RESIST,FINAL LOT RELEASE,EXPOSE LITHO LEVEL 2,MEASURE METAL THICKNESS
valid_0506,CURE PASSIVATION,BACKSIDE CLEAN,ANNEAL METAL 1,DEPOSIT METAL SEED,MEASURE PASSIVATION QUALITY
valid_0507,STRIP RESIST,STRIP PHOTORESIST,SOFT BAKE,RAPID THERMAL ANNEAL,MEASURE FILM THICKNESS
valid_0508,DEVELOP PHOTORESIST,DEVELOP PAD WINDOW,POST EXPOSE BAKE,PASSIVATION ETCH PAD OPENING,PAD WINDOW LITHO
valid_0509,CLEAN AFTER VIA ETCH,MEASURE VIA CD,CLEAN AFTER POLY ETCH,CLEAN AFTER FIELD ETCH,CLEAN AFTER ETCH
valid_0510,MEASURE PASSIVATION QUALITY,MEASURE PASSIVATION THICKNESS,ANNEAL DIELECTRIC,CURE PASSIVATION,THRESHOLD VOLTAGE TEST
valid_0511,VIA ETCH THROUGH DIELECTRIC,DIELECTRIC ETCH VIA,VIA ETCH,HARD BAKE,POLYSILICON ETCH
valid_0512,OPEN PAD WINDOW,OPEN BOND PAD WINDOW,FILL VIA TUNGSTEN,DEVELOP PAD WINDOW,BACKSIDE CLEAN
valid_0513,MEASURE VIA CD,DEPOSIT BARRIER METAL,ANNEAL METAL,CLEAN AFTER VIA ETCH,STRIP RESIST
valid_0514,OPEN PAD WINDOW LITHO,PAD WINDOW LITHO,DEVELOP PHOTORESIST,DEVELOP PAD WINDOW,MEASURE DEVICE PARAMETER
valid_0515,MEASURE VIA CD,DEPOSIT BARRIER METAL,DEVELOP PHOTORESIST,POST EXPOSE BAKE,EXPOSE LITHO LEVEL 6
valid_0516,OPEN PAD WINDOW LITHO,PAD WINDOW LITHO,OPEN PAD WINDOW,MEASURE VIA CD,POST EXPOSE BAKE
valid_0517,MEASURE VIA CD,DEPOSIT BARRIER METAL,MEASURE SURFACE PLANARITY,RINSE WET WAFER EDGE,MEASURE POLY THICKNESS
valid_0518,DEVELOP PAD WINDOW,DEVELOP PHOTORESIST,OPEN PAD WINDOW LITHO,DENSIFY DIELECTRIC,FINAL GEOMETRY CHECK
valid_0519,MEASURE VIA CD,DEPOSIT BARRIER METAL,RINSE WET WAFER EDGE,DEPOSIT BACKSIDE PROTECTION,CLEAN AFTER VIA ETCH
valid_0520,PAD WINDOW LITHO,OPEN PAD WINDOW LITHO,DEVELOP PAD WINDOW,OPEN PAD WINDOW,FIELD OXIDE ETCH
valid_0521,DEPOSIT BARRIER METAL,MEASURE VIA CD,STRIP RESIST,MEASURE PASSIVATION QUALITY,STRIP RESIST LEVEL 2
valid_0522,DEVELOP PAD WINDOW,DEVELOP PHOTORESIST,MEASURE PLANARITY,DIELECTRIC ETCH VIA,PASSIVATION ETCH PAD OPENING
valid_0523,STRIP PHOTORESIST,STRIP RESIST,SOFT BAKE,MEASURE FILM THICKNESS,FINAL PARTICLE INSPECTION
valid_0524,OPEN BOND PAD WINDOW,OPEN PAD WINDOW,IMPLANT CHANNEL STOP,OPEN PAD WINDOW LITHO,STRIP RESIST
valid_0525,MEASURE VIA CD,DEPOSIT BARRIER METAL,MEASURE SURFACE PLANARITY,CLEAN AFTER VIA ETCH,DEPOSIT PASSIVATION
valid_0526,DEVELOP PHOTORESIST,DEVELOP PAD WINDOW,POST EXPOSE BAKE,YIELD ANALYSIS,FINAL GEOMETRY CHECK
valid_0527,DEPOSIT BARRIER METAL,DEPOSIT POLYSILICON,FINAL PARTICLE INSPECTION,MEASURE VIA CD,ANNEAL METAL
valid_0528,PAD WINDOW LITHO,OPEN PAD WINDOW LITHO,RAPID THERMAL ANNEAL,OPEN BOND PAD WINDOW,OPEN PAD WINDOW
valid_0529,CLEAN AFTER VIA ETCH,MEASURE BACKSIDE CONTACT,PASSIVATION ETCH,CLEAN AFTER FIELD ETCH,BACKSIDE GRIND
valid_0530,CURE PASSIVATION,MEASURE BACKSIDE CONTACT,MEASURE PASSIVATION QUALITY,ANNEAL METAL 1,EXPOSE LITHO LEVEL 6
valid_0531,DEPOSIT BARRIER METAL,DEPOSIT POLYSILICON,MEASURE VIA RESISTANCE,MEASURE CONTACT RESISTANCE,ANNEAL METAL
valid_0532,PASSIVATION ETCH PAD OPENING,PASSIVATION ETCH,METAL ETCH,METAL ETCH DRY,HARD BAKE
valid_0533,DEPOSIT TUNGSTEN SEED,DEPOSIT METAL SEED,MEASURE PAD OPENING,INSPECT PATTERN LEVEL 1,ANNEAL POLYSILICON
valid_0534,PASSIVATION ETCH PAD OPENING,PASSIVATION ETCH,DEVELOP PHOTORESIST,VIA INSPECTION,VIA OPENING INSPECTION
valid_0535,DEPOSIT BARRIER METAL,MEASURE VIA RESISTANCE,MEASURE CONTACT RESISTANCE,VIA ETCH,DEPOSIT TUNGSTEN SEED
valid_0536,PASSIVATION ETCH PAD OPENING,PASSIVATION ETCH,DEVELOP PHOTORESIST,DEVELOP PAD WINDOW,VIA ETCH
valid_0537,MEASURE VIA CD,DEPOSIT BARRIER METAL,CLEAN AFTER VIA ETCH,IMPLANT DRAIN / CATHODE REGION,MEASURE SURFACE PLANARITY
valid_0538,DEVELOP PAD WINDOW,DEVELOP PHOTORESIST,PASSIVATION ETCH PAD OPENING,WAFER CLEAN PRE-GRIND,OXIDE STRIP
valid_0539,STRIP PHOTORESIST,STRIP RESIST,PASSIVATION ETCH PAD OPENING,SOFT BAKE,IMPLANT LDD
valid_0540,OPEN PAD WINDOW,OPEN BOND PAD WINDOW,METAL ETCH DRY,METAL ETCH,DEVELOP PAD WINDOW
valid_0541,STRIP PHOTORESIST,STRIP RESIST,DENSIFY OXIDE,FINAL THICKNESS MEASURE,DENSIFY DIELECTRIC
valid_0542,OPEN BOND PAD WINDOW,OPEN PAD WINDOW,MEASURE VIA RESISTANCE,DEPOSIT TOP METAL,DEPOSIT METAL 1
valid_0543,MEASURE VIA CD,DEPOSIT BARRIER METAL,CLEAN AFTER VIA ETCH,WAFER CLEAN PRE PROCESS,DEPOSIT BACKSIDE PROTECTION
valid_0544,OPEN BOND PAD WINDOW,OPEN PAD WINDOW,MEASURE PASSIVATION THICKNESS,MEASURE PASSIVATION QUALITY,FILL VIA TUNGSTEN
valid_0545,DEPOSIT BARRIER METAL,DEPOSIT POLYSILICON,MEASURE CONTACT RESISTANCE,MEASURE VIA RESISTANCE,WET CLEAN RCA2
valid_0546,DEVELOP PAD WINDOW,DEVELOP PHOTORESIST,FINAL GEOMETRY CHECK,FINAL THICKNESS MEASURE,POST EXPOSE BAKE
valid_0547,CLEAN AFTER VIA ETCH,MEASURE VIA CD,CLEAN AFTER ETCH,FINAL CD INSPECTION,MEASURE OXIDE QUALITY
valid_0548,DEVELOP PHOTORESIST,DEVELOP PAD WINDOW,POST EXPOSE BAKE,FINAL GEOMETRY CHECK,MEASURE PLANARITY
valid_0549,DEPOSIT TUNGSTEN SEED,MEASURE PAD OPENING,VIA INSPECTION,EXPOSE LITHO LEVEL 2,INSPECT PATTERN LEVEL 1
valid_0550,PASSIVATION ETCH,ETCH WET BACKSIDE,METAL ETCH,PASSIVATION ETCH PAD OPENING,DEPOSIT POLYSILICON
valid_0551,CLEAN AFTER VIA ETCH,CLEAN AFTER ETCH,MEASURE VIA CD,MEASURE OXIDE QUALITY,FINAL CD INSPECTION
valid_0552,PAD WINDOW LITHO,OPEN PAD WINDOW LITHO,POST EXPOSE BAKE,OPEN PAD WINDOW,DEVELOP PAD WINDOW
valid_0553,MEASURE VIA CD,DEPOSIT BARRIER METAL,EXPOSE LITHO LEVEL 6,MEASURE CD LEVEL 1,MEASURE SURFACE PLANARITY
valid_0554,PAD WINDOW LITHO,OPEN PAD WINDOW LITHO,CMP VIA FILL,OPEN PAD WINDOW,POST EXPOSE BAKE
valid_0555,VIA ETCH THROUGH DIELECTRIC,VIA ETCH,DIELECTRIC ETCH VIA,HARD BAKE,PASSIVATION ETCH PAD OPENING
valid_0556,OPEN BOND PAD WINDOW,OPEN PAD WINDOW,HARD BAKE,DEVELOP PHOTORESIST,FINAL CLEAN
valid_0557,MEASURE VIA CD,DEPOSIT BARRIER METAL,MEASURE SURFACE PLANARITY,CLEAN AFTER VIA ETCH,SPIN COAT PHOTORESIST
valid_0558,DEVELOP PAD WINDOW,DEVELOP PHOTORESIST,POST EXPOSE BAKE,YIELD ANALYSIS,PASSIVATION ETCH
valid_0559,DEPOSIT BARRIER METAL,MEASURE VIA CD,BACKSIDE ANNEAL,HARD BAKE,POST EXPOSE BAKE
valid_0560,OPEN PAD WINDOW LITHO,PAD WINDOW LITHO,DEVELOP PHOTORESIST,OPEN PAD WINDOW,MEASURE VIA CD
valid_0561,STRIP PHOTORESIST,STRIP RESIST,RAPID THERMAL ANNEAL,SOFT BAKE,INITIAL WAFER INSPECTION
valid_0562,OPEN BOND PAD WINDOW,OPEN PAD WINDOW,CMP VIA FILL,DEPOSIT POLYSILICON,BACKSIDE CLEAN
valid_0563,CLEAN AFTER VIA ETCH,MEASURE VIA CD,RCA CLEAN 1,MEASURE OXIDE QUALITY,CLEAN AFTER ETCH
valid_0564,OPEN PAD WINDOW,OPEN BOND PAD WINDOW,ANNEAL METAL,ANNEAL METAL 1,STRIP PHOTORESIST
valid_0565,STRIP RESIST,STRIP PHOTORESIST,PASSIVATION ETCH PAD OPENING,MEASURE METAL THICKNESS,RAPID THERMAL ANNEAL
valid_0566,OPEN PAD WINDOW,OPEN BOND PAD WINDOW,IMPLANT CHANNEL STOP,STRIP PHOTORESIST,METAL ETCH DRY
valid_0567,MEASURE VIA CD,DEPOSIT BARRIER METAL,DEPOSIT PASSIVATION,MEASURE LINE WIDTH,CLEAN AFTER VIA ETCH
valid_0568,OPEN PAD WINDOW LITHO,PAD WINDOW LITHO,CLEAN AFTER METAL ETCH,OPEN PAD WINDOW,MEASURE METAL THICKNESS
valid_0569,STRIP RESIST,STRIP PHOTORESIST,PASSIVATION ETCH PAD OPENING,ANNEAL METAL,FINAL GEOMETRY CHECK
valid_0570,DEVELOP PHOTORESIST,DEVELOP PAD WINDOW,POST EXPOSE BAKE,DEPOSIT INTERLEVEL DIELECTRIC,HARD BAKE
valid_0571,STRIP PHOTORESIST,STRIP RESIST,FINAL GEOMETRY CHECK,FINAL CD INSPECTION,IMPLANT SOURCE REGION
valid_0572,OPEN BOND PAD WINDOW,OPEN PAD WINDOW,HARD BAKE,MEASURE VIA RESISTANCE,OPEN PAD WINDOW LITHO
valid_0573,CLEAN AFTER VIA ETCH,CLEAN AFTER ETCH,DIELECTRIC ETCH VIA,MEASURE VIA CD,FILL VIA TUNGSTEN
valid_0574,OPEN PAD WINDOW,OPEN BOND PAD WINDOW,STRIP RESIST,STRIP PHOTORESIST,BACKSIDE CLEAN
valid_0575,DEPOSIT BARRIER METAL,MEASURE VIA CD,CLEAN AFTER POLY ETCH,MEASURE METAL THICKNESS,SPIN COAT PHOTORESIST
valid_0576,DEVELOP PHOTORESIST,DEVELOP PAD WINDOW,PASSIVATION ETCH PAD OPENING,POST EXPOSE BAKE,OPEN PAD WINDOW LITHO
valid_0577,CLEAN AFTER VIA ETCH,MEASURE VIA CD,YIELD ANALYSIS,MEASURE OXIDE QUALITY,CLEAN AFTER ETCH
valid_0578,DEVELOP PHOTORESIST,DEVELOP PAD WINDOW,PASSIVATION ETCH PAD OPENING,PASSIVATION ETCH,FINAL GEOMETRY CHECK
valid_0579,STRIP PHOTORESIST,STRIP RESIST,RAPID THERMAL ANNEAL,SOFT BAKE,PASSIVATION ETCH PAD OPENING
valid_0580,OPEN PAD WINDOW LITHO,PAD WINDOW LITHO,DEVELOP PHOTORESIST,RAPID THERMAL ANNEAL,MEASURE DEVICE PARAMETER
valid_0581,CLEAN AFTER VIA ETCH,MEASURE VIA CD,CLEAN AFTER ETCH,MEASURE EPITAXY THICKNESS,CLEAN AFTER FIELD ETCH
valid_0582,PAD WINDOW LITHO,OPEN PAD WINDOW LITHO,STRIP PHOTORESIST,OPEN BOND PAD WINDOW,CLEAN AFTER METAL ETCH
valid_0583,VIA ETCH,DIELECTRIC ETCH VIA,VIA ETCH THROUGH DIELECTRIC,FILL VIA TUNGSTEN,BACKSIDE ANNEAL
valid_0584,OPEN PAD WINDOW,OPEN BOND PAD WINDOW,OPEN PAD WINDOW LITHO,PAD WINDOW LITHO,FILL VIA TUNGSTEN
valid_0585,STRIP RESIST,STRIP PHOTORESIST,FINAL THICKNESS MEASURE,DEVELOP PHOTORESIST,PASSIVATION ETCH PAD OPENING
valid_0586,OPEN PAD WINDOW LITHO,PAD WINDOW LITHO,DEVELOP PAD WINDOW,POST EXPOSE BAKE,LEAKAGE TEST
valid_0587,STRIP PHOTORESIST,STRIP RESIST,FINAL LOT RELEASE,PASSIVATION ETCH PAD OPENING,SOFT BAKE
valid_0588,OPEN PAD WINDOW,OPEN BOND PAD WINDOW,FILL VIA TUNGSTEN,BACKSIDE CLEAN,FINAL CLEAN
valid_0589,DEVELOP PHOTORESIST,RAPID THERMAL ANNEAL,POST EXPOSE BAKE,ANNEAL DIELECTRIC,MEASURE DEVICE PARAMETER
valid_0590,CURE PASSIVATION,MEASURE BACKSIDE CONTACT,ANNEAL METAL 1,MEASURE PASSIVATION QUALITY,BACKSIDE CLEAN
valid_0591,STRIP PHOTORESIST,STRIP RESIST,SOFT BAKE,RAPID THERMAL ANNEAL,FINAL PARTICLE INSPECTION
valid_0592,OPEN PAD WINDOW,OPEN BOND PAD WINDOW,MEASURE VIA RESISTANCE,PASSIVATION ETCH PAD OPENING,FINAL LOT RELEASE
valid_0593,STRIP RESIST,STRIP PHOTORESIST,PASSIVATION ETCH PAD OPENING,SOFT BAKE,HARD BAKE
valid_0594,PAD WINDOW LITHO,OPEN PAD WINDOW LITHO,SPIN COAT PHOTORESIST,OPEN BOND PAD WINDOW,POST EXPOSE BAKE
valid_0595,CLEAN AFTER VIA ETCH,CLEAN AFTER ETCH,MEASURE VIA CD,FINAL CD INSPECTION,MEASURE SHEET RESISTANCE
valid_0596,DEVELOP PHOTORESIST,DEVELOP PAD WINDOW,FINAL GEOMETRY CHECK,MEASURE THICKNESS,POST EXPOSE BAKE
valid_0597,CLEAN AFTER VIA ETCH,CLEAN AFTER ETCH,CLEAN AFTER METAL ETCH,FINAL OXIDE CHECK,FINAL THICKNESS MEASURE
valid_0598,OPEN PAD WINDOW,OPEN BOND PAD WINDOW,DEVELOP PHOTORESIST,BACKSIDE CLEAN FINAL,BACKSIDE CLEAN
valid_0599,CLEAN AFTER VIA ETCH,CLEAN AFTER ETCH,MEASURE VIA CD,BACKSIDE GRIND,MEASURE BACKSIDE CONTACT
valid_0600,OPEN PAD WINDOW LITHO,PAD WINDOW LITHO,LEAKAGE TEST,OPEN BOND PAD WINDOW,DEPOSIT PASSIVATION
