EXAMPLE_ID,RANK_1,RANK_2,RANK_3,RANK_4,RANK_5
valid_0001,DEPOSIT METAL SEED,DEPOSIT TUNGSTEN SEED,FINAL GEOMETRY CHECK,MEASURE THICKNESS,BACKSIDE DRY
valid_0002,CLEAN PAD OPENING,MEASURE PAD OPENING,MEASURE SURFACE PLANARITY,BACKSIDE METALLIZATION PREP,MEASURE BACKSIDE CONTACT
valid_0003,MEASURE VIA CD,DEPOSIT BARRIER METAL,RAPID THERMAL ANNEAL,DIELECTRIC ETCH VIA,DEPOSIT FIELD OXIDE
valid_0004,PASSIVATION ETCH PAD OPENING,PASSIVATION ETCH,FINAL PARTICLE INSPECTION,ANNEAL METAL,MEASURE WAFER THICKNESS
valid_0005,DEPOSIT BARRIER METAL,MEASURE VIA CD,MEASURE THICKNESS,DIELECTRIC ETCH VIA,BACKSIDE GRIND
valid_0006,PASSIVATION ETCH,PASSIVATION ETCH PAD OPENING,OPEN PAD WINDOW LITHO,METAL PATTERN INSPECTION,CMP VIA FILL
valid_0007,DEPOSIT BARRIER METAL,MEASURE VIA CD,DEVELOP PHOTORESIST,PASSIVATION ETCH PAD OPENING,PRE ANNEAL CHECK
valid_0008,PASSIVATION ETCH,PASSIVATION ETCH PAD OPENING,VIA OPENING INSPECTION,POST EXPOSE BAKE,METAL PATTERN INSPECTION
valid_0009,DEPOSIT BARRIER METAL,MEASURE VIA CD,STRIP RESIST,EXPOSE LITHO LEVEL 1,CLEAN AFTER POLY ETCH
valid_0010,STRIP PHOTORESIST,STRIP RESIST,PASSIVATION ETCH,DEVELOP PHOTORESIST,DEPOSIT TOP METAL
valid_0011,MEASURE VIA CD,DEPOSIT BARRIER METAL,PRE ANNEAL CHECK,DEPOSIT FIELD OXIDE,MEASURE LINE WIDTH
valid_0012,PASSIVATION ETCH,PASSIVATION ETCH PAD OPENING,ANNEAL METAL,CMP VIA FILL,OPEN PAD WINDOW LITHO
valid_0013,MEASURE VIA CD,DEPOSIT BARRIER METAL,MEASURE CONTACT RESISTANCE,FINAL THICKNESS MEASURE,INITIAL WAFER INSPECTION
valid_0014,STRIP RESIST,STRIP PHOTORESIST,DIELECTRIC ETCH VIA,DEPOSIT METAL 1,THERMAL OXIDATION
valid_0015,MEASURE VIA CD,DEPOSIT BARRIER METAL,MEASURE CD LEVEL 2,RAPID THERMAL ANNEAL,WAFER SORT TEST
valid_0016,STRIP PHOTORESIST,STRIP RESIST,DIELECTRIC ETCH VIA,THERMAL OXIDATION,HARD BAKE
valid_0017,CLEAN AFTER VIA ETCH,MEASURE FILM THICKNESS,STRIP PHOTORESIST,ANNEAL DIELECTRIC,CLEAN AFTER FIELD ETCH
valid_0018,PASSIVATION ETCH PAD OPENING,MEASURE SURFACE UNIFORMITY,MEASURE CD LEVEL 1,VIA OPENING INSPECTION,OPEN PAD WINDOW
valid_0019,DEPOSIT BARRIER METAL,ANNEAL METAL,MEASURE METAL THICKNESS,CLEAN AFTER POLY ETCH,FINAL THICKNESS MEASURE
valid_0020,STRIP PHOTORESIST,STRIP RESIST,DEPOSIT TOP METAL,HARD BAKE,OPEN BOND PAD WINDOW
valid_0021,CLEAN AFTER VIA ETCH,DEVELOP PHOTORESIST,CLEAN AFTER METAL ETCH,MEASURE FILM THICKNESS,ANNEAL DIELECTRIC
valid_0022,DEVELOP PAD WINDOW,DEVELOP PHOTORESIST,POST EXPOSE BAKE,IMPLANT SOURCE DRAIN,MEASURE GATE CD
valid_0023,CLEAN AFTER VIA ETCH,DEVELOP PHOTORESIST,MEASURE FILM THICKNESS,ANNEAL DIELECTRIC,SOFT BAKE
valid_0024,PASSIVATION ETCH PAD OPENING,PASSIVATION ETCH,VIA OPENING INSPECTION,IMPLANT P BODY,CURE PASSIVATION
valid_0025,CLEAN AFTER VIA ETCH,WAFER SORT TEST,ANNEAL DIELECTRIC,MEASURE FILM THICKNESS,DEVELOP PHOTORESIST
valid_0026,DEVELOP PAD WINDOW,DEVELOP PHOTORESIST,FINAL CD INSPECTION,PARAMETRIC TEST,FINAL PARTICLE INSPECTION
valid_0027,STRIP PHOTORESIST,STRIP RESIST,MEASURE DIELECTRIC THICKNESS,DEVELOP PHOTORESIST,PASSIVATION ETCH
valid_0028,OPEN PAD WINDOW LITHO,PAD WINDOW LITHO,VIA ETCH,FINAL GEOMETRY CHECK,WAFER SORT TEST
valid_0029,STRIP PHOTORESIST,STRIP RESIST,STRIP RESIST LEVEL 2,MEASURE JUNCTION DEPTH,DIELECTRIC ETCH VIA
valid_0030,DEVELOP PHOTORESIST,DEVELOP PAD WINDOW,POST EXPOSE BAKE,FINAL CD INSPECTION,WAFER SORT TEST
valid_0031,MEASURE VIA CD,DEPOSIT BARRIER METAL,DEVELOP PHOTORESIST,MEASURE PASSIVATION THICKNESS,MEASURE CONTACT RESISTANCE
valid_0032,STRIP RESIST,STRIP PHOTORESIST,THERMAL OXIDATION,PASSIVATION ETCH,WET CLEAN RCA2
valid_0033,FILL VIA METAL,FILL VIA TUNGSTEN,DIELECTRIC ETCH VIA,EXPOSE LITHO LEVEL 2,DEPOSIT METAL SEED
valid_0034,STRIP RESIST,STRIP PHOTORESIST,STRIP RESIST LEVEL 2,DEPOSIT METAL 1,LEAKAGE TEST
valid_0035,DEPOSIT BARRIER METAL,DEPOSIT METAL SEED,FRONTSIDE CLEAN,FINAL THICKNESS MEASURE,DEPOSIT SPACER DIELECTRIC
valid_0036,CLEAN PAD OPENING,BACKSIDE METALLIZATION PREP,MEASURE BACKSIDE CONTACT,MEASURE PAD OPENING,CLEAN AFTER METAL ETCH
valid_0037,DEPOSIT BARRIER METAL,MEASURE VIA CD,PASSIVATION ETCH PAD OPENING,MEASURE CONTACT RESISTANCE,EPITAXIAL WAFER CHECK
valid_0038,STRIP RESIST,STRIP PHOTORESIST,STRIP RESIST LEVEL 2,ANNEAL METAL 1,DEVELOP PHOTORESIST
valid_0039,CMP METAL,CMP VIA FILL,FINAL CD INSPECTION,MEASURE DEVICE PARAMETER,BACKSIDE GRIND
valid_0040,MEASURE PAD OPENING,BACKSIDE METALLIZATION PREP,CLEAN PAD OPENING,OPEN BOND PAD WINDOW,DEPOSIT BACKSIDE METAL
valid_0041,MEASURE VIA CD,DEPOSIT BARRIER METAL,RAPID THERMAL ANNEAL,STRIP RESIST,YIELD ANALYSIS
valid_0042,DEVELOP PAD WINDOW,DEVELOP PHOTORESIST,PASSIVATION ETCH,MEASURE LINE WIDTH,STRIP PHOTORESIST
valid_0043,MEASURE VIA CD,DEPOSIT BARRIER METAL,MEASURE CONTACT RESISTANCE,BACKSIDE ANNEAL,DEPOSIT TUNGSTEN SEED
valid_0044,PASSIVATION ETCH PAD OPENING,PASSIVATION ETCH,METAL PATTERN INSPECTION,METAL ETCH,VIA OPENING INSPECTION
valid_0045,MEASURE VIA CD,DEPOSIT BARRIER METAL,DEPOSIT TOP METAL,CLEAN AFTER VIA ETCH,ANNEAL METAL 1
valid_0046,PASSIVATION ETCH,PASSIVATION ETCH PAD OPENING,IMPLANT SOURCE REGION,MEASURE METAL THICKNESS,FINAL PARTICLE INSPECTION
valid_0047,DEPOSIT METAL SEED,DEPOSIT TUNGSTEN SEED,DEPOSIT BARRIER METAL,ANISOTROPIC ETCH SPACER,FINAL GEOMETRY CHECK
valid_0048,STRIP RESIST,STRIP PHOTORESIST,MEASURE THICKNESS,MEASURE FILM THICKNESS,DEPOSIT METAL 1
valid_0049,DEPOSIT BARRIER METAL,CLEAN AFTER POLY ETCH,ANNEAL METAL,FRONTSIDE CLEAN,SPIN COAT PHOTORESIST
valid_0050,PASSIVATION ETCH,PASSIVATION ETCH PAD OPENING,FINAL CD INSPECTION,VIA INSPECTION,DIELECTRIC ETCH VIA
valid_0051,DEPOSIT BARRIER METAL,CLEAN AFTER POLY ETCH,FRONTSIDE CLEAN,MEASURE LINE WIDTH,DEPOSIT SPACER DIELECTRIC
valid_0052,STRIP RESIST,STRIP PHOTORESIST,DEVELOP PHOTORESIST,STRIP RESIST LEVEL 2,IMPLANT SOURCE REGION
valid_0053,CLEAN AFTER VIA ETCH,CLEAN AFTER METAL ETCH,DEVELOP PHOTORESIST,WAFER SORT TEST,MEASURE FILM THICKNESS
valid_0054,PASSIVATION ETCH PAD OPENING,PASSIVATION ETCH,VIA ETCH,STRIP RESIST,FINAL GEOMETRY CHECK
valid_0055,DEPOSIT METAL SEED,FINAL GEOMETRY CHECK,DEPOSIT TUNGSTEN SEED,MEASURE THICKNESS,MEASURE DIELECTRIC THICKNESS
valid_0056,CLEAN PAD OPENING,BACKSIDE METALLIZATION PREP,MEASURE BACKSIDE CONTACT,CLEAN AFTER METAL ETCH,RECEIVE WAFER LOT
valid_0057,STRIP PHOTORESIST,STRIP RESIST,FINAL THICKNESS MEASURE,PASSIVATION ETCH,MEASURE LINE WIDTH
valid_0058,STRIP PHOTORESIST,POST EXPOSE BAKE,STRIP RESIST,MEASURE LINE WIDTH,MEASURE SURFACE PLANARITY
valid_0059,DEPOSIT BARRIER METAL,MEASURE VIA CD,VIA ETCH THROUGH DIELECTRIC,THERMAL OXIDATION,POLYSILICON ETCH
valid_0060,PASSIVATION ETCH,PASSIVATION ETCH PAD OPENING,PATTERN INSPECTION LEVEL 1,FINAL THICKNESS MEASURE,FINAL OXIDE CHECK
valid_0061,DEPOSIT BARRIER METAL,FRONTSIDE CLEAN,FINAL THICKNESS MEASURE,CLEAN AFTER POLY ETCH,DEPOSIT SPACER DIELECTRIC
valid_0062,DEVELOP PHOTORESIST,DEVELOP PAD WINDOW,PRE ANNEAL CHECK,DRIVE IN DIFFUSION,POST EXPOSE BAKE
valid_0063,STRIP PHOTORESIST,STRIP RESIST,PASSIVATION ETCH,MEASURE DIELECTRIC THICKNESS,RECEIVE WAFER LOT
valid_0064,DEVELOP PHOTORESIST,DEVELOP PAD WINDOW,POST EXPOSE BAKE,CURE PASSIVATION,EXPOSE LITHO LEVEL 6
valid_0065,MEASURE VIA CD,DEPOSIT BARRIER METAL,MEASURE CONTACT RESISTANCE,THERMAL OXIDATION,MEASURE JUNCTION DEPTH
valid_0066,PASSIVATION ETCH,PASSIVATION ETCH PAD OPENING,METAL PATTERN INSPECTION,VIA INSPECTION,MEASURE PAD OPENING
valid_0067,CLEAN AFTER VIA ETCH,MEASURE FILM THICKNESS,DEVELOP PHOTORESIST,ANNEAL DIELECTRIC,CLEAN AFTER FIELD ETCH
valid_0068,STRIP PHOTORESIST,STRIP RESIST,YIELD ANALYSIS,POST EXPOSE BAKE,WAFER SORT TEST
valid_0069,CLEAN AFTER VIA ETCH,ANNEAL DIELECTRIC,CLEAN AFTER METAL ETCH,MEASURE FILM THICKNESS,DEVELOP PHOTORESIST
valid_0070,PASSIVATION ETCH,PASSIVATION ETCH PAD OPENING,FINAL THICKNESS MEASURE,MEASURE OXIDE QUALITY,YIELD ANALYSIS
valid_0071,CLEAN AFTER VIA ETCH,MEASURE FILM THICKNESS,ANNEAL DIELECTRIC,SOFT BAKE,WAFER SORT TEST
valid_0072,PASSIVATION ETCH,PASSIVATION ETCH PAD OPENING,DEPOSIT BACKSIDE PROTECTION,YIELD ANALYSIS,FINAL PARTICLE INSPECTION
valid_0073,MEASURE VIA CD,DEPOSIT BARRIER METAL,MEASURE CONTACT RESISTANCE,DIELECTRIC ETCH VIA,VIA ETCH THROUGH DIELECTRIC
valid_0074,STRIP RESIST,STRIP PHOTORESIST,THERMAL OXIDATION,DEPOSIT METAL 1,FINAL CD INSPECTION
valid_0075,MEASURE VIA CD,DEPOSIT BARRIER METAL,DEPOSIT TOP METAL,MEASURE RESISTIVITY,VIA OPENING INSPECTION
valid_0076,PASSIVATION ETCH PAD OPENING,PASSIVATION ETCH,FRONTSIDE CLEAN FINAL,METAL ETCH,VIA INSPECTION
valid_0077,CLEAN AFTER VIA ETCH,CLEAN AFTER METAL ETCH,DEVELOP PHOTORESIST,MEASURE FILM THICKNESS,SOFT BAKE
valid_0078,STRIP RESIST,STRIP PHOTORESIST,ANNEAL METAL 1,PASSIVATION ETCH PAD OPENING,PASSIVATION ETCH
valid_0079,DEPOSIT BARRIER METAL,MEASURE VIA CD,STRIP RESIST,MEASURE CONTACT RESISTANCE,DEPOSIT METAL 1
valid_0080,STRIP PHOTORESIST,STRIP RESIST,THERMAL OXIDATION,MEASURE PASSIVATION THICKNESS,MEASURE PASSIVATION QUALITY
valid_0081,DEPOSIT BARRIER METAL,CLEAN AFTER POLY ETCH,FRONTSIDE CLEAN,SPIN COAT PHOTORESIST,METAL PATTERN INSPECTION
valid_0082,STRIP RESIST,STRIP PHOTORESIST,HARD BAKE,DEPOSIT METAL 1,FINAL GEOMETRY CHECK
valid_0083,STRIP PHOTORESIST,STRIP RESIST,STRIP RESIST LEVEL 2,BACKSIDE GRIND,MEASURE CONTACT RESISTANCE
valid_0084,PASSIVATION ETCH,PASSIVATION ETCH PAD OPENING,VIA INSPECTION,MEASURE CONTACT RESISTANCE,FINAL PARTICLE INSPECTION
valid_0085,MEASURE VIA CD,DEPOSIT BARRIER METAL,DIELECTRIC ETCH VIA,MEASURE THICKNESS,MEASURE VIA RESISTANCE
valid_0086,CLEAN PAD OPENING,CLEAN AFTER METAL ETCH,RECEIVE WAFER LOT,BACKSIDE ETCH CLEAN,MEASURE BACKSIDE CONTACT
valid_0087,MEASURE CONTACT RESISTANCE,DIELECTRIC ETCH VIA,FINAL CD INSPECTION,MEASURE GATE CD,FINAL THICKNESS MEASURE
valid_0088,OPEN PAD WINDOW LITHO,MEASURE VIA RESISTANCE,DEPOSIT TOP METAL,WAFER SORT TEST,MEASURE LINE WIDTH
valid_0089,CLEAN AFTER VIA ETCH,DEVELOP PHOTORESIST,MEASURE FILM THICKNESS,CLEAN AFTER METAL ETCH,SOFT BAKE
valid_0090,STRIP RESIST,STRIP PHOTORESIST,STRIP RESIST LEVEL 2,PARAMETRIC TEST,OPEN BOND PAD WINDOW
valid_0091,MEASURE VIA CD,DEPOSIT BARRIER METAL,RAPID THERMAL ANNEAL,CURE PASSIVATION,ANNEAL OXIDE
valid_0092,DEVELOP PHOTORESIST,DEVELOP PAD WINDOW,POST EXPOSE BAKE,IMPLANT SOURCE DRAIN,DEPOSIT INTERLEVEL DIELECTRIC
valid_0093,STRIP PHOTORESIST,STRIP RESIST,MEASURE VIA CD,LOT RELEASE,MEASURE DIELECTRIC THICKNESS
valid_0094,STRIP PHOTORESIST,STRIP RESIST,MEASURE FILM THICKNESS,WAFER SORT TEST,BACKSIDE CLEAN
valid_0095,MEASURE VIA CD,DEPOSIT BARRIER METAL,IMPLANT N-TYPE,RAPID THERMAL ANNEAL,CLEAN AFTER POLY ETCH
valid_0096,STRIP PHOTORESIST,STRIP RESIST,HARD BAKE,MEASURE FILM THICKNESS,DEVELOP PHOTORESIST
valid_0097,CLEAN AFTER VIA ETCH,ANNEAL DIELECTRIC,DEVELOP PHOTORESIST,CLEAN AFTER FIELD ETCH,WAFER SORT TEST
valid_0098,PASSIVATION ETCH PAD OPENING,PASSIVATION ETCH,DEPOSIT POLYSILICON,CLEAN AFTER METAL ETCH,ALIGN MASK LEVEL 4
valid_0099,FILL VIA METAL,FILL VIA TUNGSTEN,IMPLANT SOURCE DRAIN,BACKSIDE DRY,MEASURE PAD OPENING
valid_0100,CLEAN PAD OPENING,CLEAN AFTER METAL ETCH,MEASURE PAD OPENING,MEASURE THICKNESS,WAFER SURFACE CLEAN
valid_0101,CLEAN AFTER VIA ETCH,MEASURE FILM THICKNESS,WAFER SORT TEST,DEVELOP PHOTORESIST,SOFT BAKE
valid_0102,STRIP PHOTORESIST,STRIP RESIST,OPEN BOND PAD WINDOW,PARAMETRIC TEST,STRIP RESIST LEVEL 2
valid_0103,DEPOSIT BARRIER METAL,CLEAN AFTER POLY ETCH,FRONTSIDE CLEAN,FINAL THICKNESS MEASURE,METAL PATTERN INSPECTION
valid_0104,PASSIVATION ETCH PAD OPENING,PASSIVATION ETCH,MEASURE SHEET RESISTANCE,VIA OPENING INSPECTION,PARAMETRIC TEST
valid_0105,DEPOSIT BARRIER METAL,ANNEAL METAL,MEASURE METAL THICKNESS,CLEAN AFTER POLY ETCH,FRONTSIDE CLEAN
valid_0106,STRIP RESIST,STRIP PHOTORESIST,DEVELOP PHOTORESIST,STRIP RESIST LEVEL 2,DEPOSIT TOP METAL
valid_0107,DEPOSIT METAL SEED,DEPOSIT TUNGSTEN SEED,FINAL GEOMETRY CHECK,DEPOSIT BARRIER METAL,BACKSIDE DRY
valid_0108,PASSIVATION ETCH PAD OPENING,PASSIVATION ETCH,BACKSIDE THINNING CHECK,PRE ANNEAL CHECK,METAL ETCH
valid_0109,CLEAN AFTER VIA ETCH,MEASURE FILM THICKNESS,ANNEAL DIELECTRIC,SOFT BAKE,CLEAN AFTER METAL ETCH
valid_0110,DEVELOP PHOTORESIST,DEVELOP PAD WINDOW,POLY PATTERN INSPECTION,FINAL CLEAN,FILL VIA METAL
valid_0111,CLEAN AFTER VIA ETCH,MEASURE VIA CD,CLEAN AFTER FIELD ETCH,CLEAN AFTER ETCH,DEVELOP PHOTORESIST
valid_0112,STRIP PHOTORESIST,STRIP RESIST,DEVELOP PAD WINDOW,HARD BAKE,FINAL THICKNESS MEASURE
valid_0113,MEASURE VIA CD,DEPOSIT BARRIER METAL,VIA ETCH,METAL PATTERN INSPECTION,MEASURE CONTACT RESISTANCE
valid_0114,CLEAN PAD OPENING,CLEAN AFTER METAL ETCH,MEASURE PAD OPENING,RCA CLEAN 1,MEASURE THICKNESS
valid_0115,MEASURE VIA CD,DEPOSIT BARRIER METAL,CURE PASSIVATION,RAPID THERMAL ANNEAL,MEASURE DIELECTRIC THICKNESS
valid_0116,STRIP PHOTORESIST,STRIP RESIST,MEASURE LINE WIDTH,BACKSIDE GRIND,STRIP RESIST LEVEL 2
valid_0117,CLEAN AFTER VIA ETCH,CLEAN AFTER FIELD ETCH,DEVELOP PHOTORESIST,ANNEAL DIELECTRIC,SOFT BAKE
valid_0118,PASSIVATION ETCH,PASSIVATION ETCH PAD OPENING,MEASURE METAL THICKNESS,ETCH SILICON OR OXIDE WINDOW,VIA INSPECTION
valid_0119,DEPOSIT BARRIER METAL,POST EXPOSE BAKE,DEPOSIT METAL SEED,DEPOSIT SPACER DIELECTRIC,FINAL THICKNESS MEASURE
valid_0120,CLEAN PAD OPENING,BACKSIDE METALLIZATION PREP,CLEAN AFTER METAL ETCH,RCA CLEAN 1,MEASURE BACKSIDE CONTACT
valid_0121,MEASURE VIA CD,DEPOSIT BARRIER METAL,MEASURE CONTACT RESISTANCE,FINAL THICKNESS MEASURE,IMPLANT N-TYPE
valid_0122,PASSIVATION ETCH,PASSIVATION ETCH PAD OPENING,STRIP RESIST,DEVELOP PAD WINDOW,IMPLANT SOURCE REGION
valid_0123,FILL VIA METAL,FILL VIA TUNGSTEN,BACKSIDE DRY,IMPLANT SOURCE DRAIN,BACKSIDE RINSE
valid_0124,CLEAN PAD OPENING,BACKSIDE ETCH CLEAN,MEASURE PAD OPENING,WAFER SURFACE CLEAN,BACKSIDE METALLIZATION PREP
valid_0125,DEPOSIT BARRIER METAL,MEASURE VIA CD,THERMAL OXIDATION,DEVELOP PHOTORESIST,POST EXPOSE BAKE
valid_0126,STRIP RESIST,STRIP PHOTORESIST,DRIVE IN DIFFUSION,PRE ANNEAL CHECK,THERMAL OXIDATION
valid_0127,CLEAN AFTER VIA ETCH,ANNEAL DIELECTRIC,CLEAN AFTER FIELD ETCH,CLEAN AFTER METAL ETCH,SOFT BAKE
valid_0128,STRIP RESIST,STRIP PHOTORESIST,THERMAL OXIDATION,MEASURE LINE WIDTH,FINAL CD INSPECTION
valid_0129,HARD BAKE,VIA ETCH THROUGH DIELECTRIC,DIELECTRIC ETCH VIA,VIA ETCH,POLYSILICON ETCH
valid_0130,DEVELOP PAD WINDOW,DEVELOP PHOTORESIST,PARAMETRIC TEST,ELECTRICAL PARAMETRIC TEST,ANNEAL METAL
valid_0131,DEPOSIT METAL SEED,FINAL GEOMETRY CHECK,DEPOSIT TUNGSTEN SEED,IMPLANT CHANNEL STOP,DEPOSIT PASSIVATION LAYER
valid_0132,CLEAN PAD OPENING,BACKSIDE METALLIZATION PREP,MEASURE PAD OPENING,RECEIVE WAFER LOT,OPEN PAD WINDOW LITHO
valid_0133,DEPOSIT METAL SEED,DEPOSIT BARRIER METAL,FINAL GEOMETRY CHECK,FINAL LOT RELEASE,MEASURE THICKNESS
valid_0134,CLEAN PAD OPENING,MEASURE JUNCTION PROFILE,RECEIVE WAFER LOT,BACKSIDE METALLIZATION PREP,BACKSIDE ETCH CLEAN
valid_0135,DEPOSIT METAL SEED,DEPOSIT TUNGSTEN SEED,DEPOSIT BARRIER METAL,MEASURE THICKNESS,FINAL GEOMETRY CHECK
valid_0136,CLEAN PAD OPENING,MEASURE PAD OPENING,BACKSIDE METALLIZATION PREP,RCA CLEAN 1,WET CLEAN RCA1
valid_0137,MEASURE VIA CD,DEPOSIT BARRIER METAL,MEASURE OXIDE QUALITY,DEPOSIT TOP METAL,MEASURE INITIAL THICKNESS
valid_0138,PASSIVATION ETCH,PASSIVATION ETCH PAD OPENING,DEVELOP PAD WINDOW,IMPLANT WELL,DENSIFY OXIDE
valid_0139,CLEAN AFTER VIA ETCH,CLEAN AFTER METAL ETCH,DEVELOP PHOTORESIST,SOFT BAKE,ANNEAL DIELECTRIC
valid_0140,STRIP PHOTORESIST,STRIP RESIST,MEASURE OPENING CD,PAD WINDOW LITHO,DEPOSIT METAL 1
valid_0141,DEPOSIT BARRIER METAL,SPIN COAT PHOTORESIST,FRONTSIDE CLEAN,CLEAN AFTER POLY ETCH,ANNEAL METAL
valid_0142,STRIP RESIST,STRIP PHOTORESIST,FINAL CD INSPECTION,FINAL GEOMETRY CHECK,CURE PASSIVATION
valid_0143,DEPOSIT METAL SEED,BACKSIDE DRY,FILL VIA METAL,DEPOSIT TUNGSTEN SEED,VIA ETCH THROUGH DIELECTRIC
valid_0144,PASSIVATION ETCH PAD OPENING,PASSIVATION ETCH,VIA ETCH THROUGH DIELECTRIC,MEASURE LINE WIDTH,INITIAL WAFER INSPECTION
valid_0145,MEASURE VIA CD,DEPOSIT BARRIER METAL,VIA ETCH,IMPLANT N-TYPE,FINAL OXIDE CHECK
valid_0146,PASSIVATION ETCH,PASSIVATION ETCH PAD OPENING,MEASURE WAFER THICKNESS,PAD WINDOW LITHO,PARAMETRIC TEST
valid_0147,MEASURE VIA CD,DEPOSIT BARRIER METAL,MEASURE THICKNESS,MEASURE OXIDE QUALITY,IMPLANT N-TYPE
valid_0148,STRIP PHOTORESIST,STRIP RESIST,HARD BAKE,PASSIVATION ETCH,YIELD ANALYSIS
valid_0149,MEASURE VIA CD,DEPOSIT BARRIER METAL,IMPLANT N-TYPE,BACKSIDE CLEAN,DENSIFY OXIDE
valid_0150,STRIP PHOTORESIST,STRIP RESIST,STRIP RESIST LEVEL 2,OPEN BOND PAD WINDOW,MEASURE GATE CD
valid_0151,MEASURE VIA CD,DEPOSIT BARRIER METAL,RAPID THERMAL ANNEAL,DEPOSIT METAL SEED,STRIP RESIST
valid_0152,DEVELOP PHOTORESIST,DEVELOP PAD WINDOW,STRIP PHOTORESIST,DEPOSIT BACKSIDE METAL,SUBSTRATE CHECK
valid_0153,MEASURE VIA CD,DEPOSIT BARRIER METAL,IMPLANT N-TYPE,MEASURE VIA RESISTANCE,MEASURE OXIDE QUALITY
valid_0154,DEVELOP PHOTORESIST,DEVELOP PAD WINDOW,FINAL GEOMETRY CHECK,CMP METAL,FINAL CD INSPECTION
valid_0155,CLEAN AFTER VIA ETCH,CLEAN AFTER FIELD ETCH,DEVELOP PHOTORESIST,MEASURE FILM THICKNESS,ANNEAL DIELECTRIC
valid_0156,STRIP PHOTORESIST,STRIP RESIST,THERMAL OXIDATION,HARD BAKE,RCA CLEAN 2
valid_0157,DEPOSIT BARRIER METAL,CLEAN AFTER POLY ETCH,FRONTSIDE CLEAN,ANNEAL METAL,FINAL THICKNESS MEASURE
valid_0158,PASSIVATION ETCH,PASSIVATION ETCH PAD OPENING,HARD BAKE,VIA ETCH THROUGH DIELECTRIC,MEASURE LINE WIDTH
valid_0159,MEASURE VIA CD,DEPOSIT BARRIER METAL,MEASURE CONTACT RESISTANCE,METAL PATTERN INSPECTION,DEPOSIT METAL SEED
valid_0160,STRIP RESIST,STRIP PHOTORESIST,WET CLEAN RCA2,BACKSIDE GRIND,DIELECTRIC ETCH VIA
valid_0161,STRIP PHOTORESIST,STRIP RESIST,MEASURE JUNCTION DEPTH,DEVELOP PHOTORESIST,POST EXPOSE BAKE
valid_0162,DEVELOP PHOTORESIST,DEVELOP PAD WINDOW,ELECTRICAL PARAMETRIC TEST,FINAL CD INSPECTION,FINAL CLEAN
valid_0163,MEASURE VIA CD,DEPOSIT BARRIER METAL,MEASURE CONTACT RESISTANCE,MEASURE INITIAL THICKNESS,DEPOSIT SPACER DIELECTRIC
valid_0164,STRIP RESIST,STRIP PHOTORESIST,PRE ANNEAL CHECK,DRIVE IN DIFFUSION,FINAL THICKNESS MEASURE
valid_0165,MEASURE VIA CD,DEPOSIT BARRIER METAL,DEPOSIT PASSIVATION,ANNEAL METAL 1,FINAL THICKNESS MEASURE
valid_0166,STRIP PHOTORESIST,STRIP RESIST,THERMAL OXIDATION,HARD BAKE,RCA CLEAN 2
valid_0167,DEPOSIT BARRIER METAL,FRONTSIDE CLEAN,FINAL THICKNESS MEASURE,DEPOSIT METAL SEED,CLEAN AFTER POLY ETCH
valid_0168,CLEAN PAD OPENING,BACKSIDE METALLIZATION PREP,MEASURE PAD OPENING,RCA CLEAN 1,OPEN PAD WINDOW LITHO
valid_0169,STRIP RESIST,STRIP PHOTORESIST,STRIP RESIST LEVEL 2,PASSIVATION ETCH,DEVELOP PHOTORESIST
valid_0170,STRIP PHOTORESIST,STRIP RESIST,THERMAL OXIDATION,DEVELOP PHOTORESIST,STRIP RESIST LEVEL 2
valid_0171,DEPOSIT METAL SEED,DEPOSIT TUNGSTEN SEED,BACKSIDE DRY,FINAL GEOMETRY CHECK,IMPLANT CHANNEL STOP
valid_0172,STRIP PHOTORESIST,STRIP RESIST,PAD WINDOW LITHO,DEPOSIT METAL 1,DIELECTRIC ETCH VIA
valid_0173,MEASURE VIA CD,DEPOSIT BARRIER METAL,VIA INSPECTION,BACKSIDE ANNEAL,DEPOSIT FIELD OXIDE
valid_0174,PASSIVATION ETCH PAD OPENING,PASSIVATION ETCH,METAL PATTERN INSPECTION,VIA OPENING INSPECTION,PAD WINDOW LITHO
valid_0175,MEASURE VIA CD,DEPOSIT BARRIER METAL,DEPOSIT TOP METAL,EXPOSE LITHO LEVEL 6,MEASURE OXIDE QUALITY
valid_0176,STRIP PHOTORESIST,STRIP RESIST,VIA ETCH,DEVELOP PAD WINDOW,DENSIFY OXIDE
valid_0177,DEPOSIT METAL SEED,FINAL LOT RELEASE,DEPOSIT TUNGSTEN SEED,DEPOSIT PASSIVATION LAYER,VIA ETCH THROUGH DIELECTRIC
valid_0178,STRIP RESIST,STRIP PHOTORESIST,DEVELOP PHOTORESIST,PRE ANNEAL CHECK,MEASURE FILM THICKNESS
valid_0179,FILL VIA METAL,FILL VIA TUNGSTEN,BACKSIDE DRY,MEASURE GATE OXIDE THICKNESS,IMPLANT SOURCE DRAIN
valid_0180,MEASURE PAD OPENING,BACKSIDE METALLIZATION PREP,FILL VIA METAL,DEPOSIT BACKSIDE METAL,THERMAL OXIDATION
valid_0181,STRIP PHOTORESIST,STRIP RESIST,STRIP RESIST LEVEL 2,MEASURE FILM THICKNESS,POLY PATTERN INSPECTION
valid_0182,DEVELOP PAD WINDOW,DEVELOP PHOTORESIST,DEPOSIT PASSIVATION,FINAL CD INSPECTION,CLEAN AFTER ETCH
valid_0183,DEPOSIT BARRIER METAL,CLEAN AFTER POLY ETCH,FRONTSIDE CLEAN,ANNEAL METAL,FINAL THICKNESS MEASURE
valid_0184,STRIP PHOTORESIST,STRIP RESIST,FINAL CD INSPECTION,OPEN BOND PAD WINDOW,DEPOSIT METAL 1
valid_0185,DEPOSIT BARRIER METAL,FRONTSIDE CLEAN,FINAL THICKNESS MEASURE,CLEAN AFTER POLY ETCH,DEPOSIT SPACER DIELECTRIC
valid_0186,STRIP PHOTORESIST,STRIP RESIST,FINAL CD INSPECTION,FINAL PARTICLE INSPECTION,DRIVE IN DIFFUSION
valid_0187,STRIP RESIST,STRIP PHOTORESIST,STRIP RESIST LEVEL 2,MEASURE LINE WIDTH,ANNEAL METAL 1
valid_0188,STRIP RESIST,STRIP PHOTORESIST,THERMAL OXIDATION,LEAKAGE TEST,RECEIVE WAFER LOT
valid_0189,MEASURE VIA CD,DEPOSIT BARRIER METAL,MEASURE CONTACT RESISTANCE,VIA ETCH,HARD BAKE
valid_0190,PASSIVATION ETCH PAD OPENING,PASSIVATION ETCH,MEASURE LINE WIDTH,OPEN PAD WINDOW LITHO,HARD BAKE
valid_0191,DIELECTRIC ETCH VIA,VIA ETCH THROUGH DIELECTRIC,VIA ETCH,MEASURE INITIAL GEOMETRY,MEASURE INITIAL THICKNESS
valid_0192,STRIP RESIST,STRIP PHOTORESIST,MEASURE LINE WIDTH,PRE CLEAN INSPECTION,PASSIVATION ETCH
valid_0193,CLEAN AFTER VIA ETCH,WAFER SORT TEST,STRIP PHOTORESIST,CLEAN AFTER METAL ETCH,CLEAN AFTER FIELD ETCH
valid_0194,PASSIVATION ETCH,PASSIVATION ETCH PAD OPENING,OPEN PAD WINDOW LITHO,WAFER SORT TEST,VIA OPENING INSPECTION
valid_0195,MEASURE VIA CD,DEPOSIT BARRIER METAL,MEASURE CONTACT RESISTANCE,RAPID THERMAL ANNEAL,IMPLANT N-TYPE
valid_0196,CLEAN PAD OPENING,BACKSIDE METALLIZATION PREP,MEASURE PAD OPENING,CLEAN AFTER METAL ETCH,MEASURE JUNCTION PROFILE
valid_0197,STRIP RESIST,STRIP PHOTORESIST,FINAL LOT RELEASE,POLYSILICON ETCH DRY,MEASURE DIELECTRIC THICKNESS
valid_0198,STRIP RESIST,STRIP PHOTORESIST,IMPLANT SOURCE REGION,YIELD ANALYSIS,PASSIVATION ETCH
valid_0199,MEASURE VIA CD,DEPOSIT BARRIER METAL,DEVELOP PHOTORESIST,PASSIVATION ETCH PAD OPENING,MEASURE CONTACT RESISTANCE
valid_0200,STRIP PHOTORESIST,STRIP RESIST,MEASURE LINE WIDTH,DEVELOP PHOTORESIST,PRE ANNEAL CHECK
valid_0201,CMP DIELECTRIC,CMP INTERLAYER DIELECTRIC,MEASURE FILM THICKNESS,MEASURE CD LEVEL 2,VIA INSPECTION
valid_0202,DEPOSIT PASSIVATION LAYER,DEPOSIT PASSIVATION,MEASURE CONTACT RESISTANCE,MEASURE SHEET RESISTANCE,MEASURE PASSIVATION THICKNESS
valid_0203,SPIN COAT PHOTORESIST,DEPOSIT INTERLEVEL DIELECTRIC,PRE ANNEAL CHECK,MEASURE PASSIVATION THICKNESS,MEASURE THICKNESS
valid_0204,DEPOSIT PASSIVATION,DEPOSIT PASSIVATION LAYER,METAL ETCH DRY,PASSIVATION ETCH,MEASURE CONTACT RESISTANCE
valid_0205,SPIN COAT PHOTORESIST,DEPOSIT INTERLEVEL DIELECTRIC,PRE ANNEAL CHECK,SOFT BAKE,DEPOSIT PASSIVATION LAYER
valid_0206,CURE PASSIVATION,FINAL CLEAN,STRIP PHOTORESIST,VIA OPENING INSPECTION,PASSIVATION ETCH PAD OPENING
valid_0207,CMP DIELECTRIC,CMP INTERLAYER DIELECTRIC,DEPOSIT PASSIVATION LAYER,PRE ANNEAL CHECK,VIA INSPECTION
valid_0208,DEPOSIT PASSIVATION,FINAL THICKNESS MEASURE,LOT RELEASE,MEASURE WAFER THICKNESS,MEASURE PASSIVATION QUALITY
valid_0209,CMP DIELECTRIC,CMP INTERLAYER DIELECTRIC,PRE ANNEAL CHECK,FILL VIA TUNGSTEN,DEVELOP PHOTORESIST
valid_0210,DEPOSIT PASSIVATION,DEPOSIT PASSIVATION LAYER,BACKSIDE CLEAN FINAL,LOT RELEASE,IMPLANT SOURCE REGION
valid_0211,MEASURE PLANARITY,MEASURE SURFACE PLANARITY,DENSIFY DIELECTRIC,VIA INSPECTION,IMPLANT P BODY
valid_0212,DEPOSIT PASSIVATION,DEPOSIT PASSIVATION LAYER,MEASURE PASSIVATION QUALITY,ALIGN MASK LEVEL 6,EXPOSE LITHO LEVEL 6
valid_0213,SPIN COAT PHOTORESIST,DEPOSIT INTERLEVEL DIELECTRIC,PRE ANNEAL CHECK,SOFT BAKE,MEASURE PASSIVATION THICKNESS
valid_0214,CURE PASSIVATION,FINAL CLEAN,VIA OPENING INSPECTION,EXPOSE LITHO LEVEL 6,STRIP RESIST LEVEL 2
valid_0215,MEASURE SURFACE PLANARITY,MEASURE PLANARITY,DEPOSIT INTERLEVEL DIELECTRIC,SPIN COAT PHOTORESIST,MEASURE VIA RESISTANCE
valid_0216,MEASURE PASSIVATION THICKNESS,MEASURE PASSIVATION QUALITY,MEASURE LINE WIDTH,DEPOSIT PASSIVATION LAYER,DEPOSIT PASSIVATION
valid_0217,CMP INTERLAYER DIELECTRIC,CMP DIELECTRIC,DEPOSIT INTERLAYER DIELECTRIC,IMPLANT N BUFFER,MEASURE DIELECTRIC THICKNESS
valid_0218,MEASURE LINE WIDTH,DEPOSIT PASSIVATION LAYER,DEPOSIT PASSIVATION,DEVELOP PHOTORESIST,CLEAN AFTER FIELD ETCH
valid_0219,SOFT BAKE,FINAL GEOMETRY CHECK,ANISOTROPIC ETCH SPACER,SPIN COAT PHOTORESIST,DEPOSIT PASSIVATION LAYER
valid_0220,MEASURE PASSIVATION QUALITY,MEASURE PASSIVATION THICKNESS,BACKSIDE THINNING CHECK,DEPOSIT POLYSILICON,CURE PASSIVATION
valid_0221,MEASURE SURFACE PLANARITY,MEASURE PLANARITY,ANNEAL POLYSILICON,EPITAXIAL REWORK CHECK,MEASURE FILM THICKNESS
valid_0222,MEASURE PASSIVATION QUALITY,MEASURE PASSIVATION THICKNESS,SPIN COAT PHOTORESIST,HARD BAKE,CMP INTERLAYER DIELECTRIC
valid_0223,MEASURE SURFACE PLANARITY,MEASURE PLANARITY,MEASURE FILM THICKNESS,ANNEAL POLYSILICON,YIELD ANALYSIS
valid_0224,CURE PASSIVATION,FINAL CLEAN,EXPOSE LITHO LEVEL 6,VIA OPENING INSPECTION,MEASURE LINE WIDTH
valid_0225,SPIN COAT PHOTORESIST,DEPOSIT INTERLEVEL DIELECTRIC,PRE ANNEAL CHECK,MEASURE PASSIVATION THICKNESS,DEPOSIT FIELD OXIDE
valid_0226,CURE PASSIVATION,FINAL CLEAN,VIA OPENING INSPECTION,EXPOSE LITHO LEVEL 6,FINAL OXIDE CHECK
valid_0227,MEASURE FILM THICKNESS,MEASURE DIELECTRIC THICKNESS,DEPOSIT METAL 1,MEASURE SURFACE PLANARITY,CMP INTERLAYER DIELECTRIC
valid_0228,DEPOSIT PASSIVATION LAYER,DEPOSIT PASSIVATION,MEASURE SHEET RESISTANCE,SOFT BAKE,CLEAN AFTER VIA ETCH
valid_0229,SPIN COAT PHOTORESIST,DEPOSIT INTERLEVEL DIELECTRIC,MEASURE POLY THICKNESS,MEASURE PASSIVATION THICKNESS,MEASURE THICKNESS
valid_0230,CURE PASSIVATION,FINAL CLEAN,VIA OPENING INSPECTION,FINAL OXIDE CHECK,STRIP PHOTORESIST
valid_0231,DENSIFY OXIDE,MEASURE VIA CD,DEPOSIT FIELD OXIDE,MEASURE LINE WIDTH,METAL ETCH DRY
valid_0232,MEASURE LINE WIDTH,DEPOSIT PASSIVATION LAYER,DEPOSIT PASSIVATION,CLEAN AFTER FIELD ETCH,STRIP PHOTORESIST
valid_0233,SOFT BAKE,SPIN COAT PHOTORESIST,FINAL GEOMETRY CHECK,PRE ANNEAL CHECK,CLEAN AFTER OXIDE ETCH
valid_0234,CURE PASSIVATION,FINAL CLEAN,FINAL OXIDE CHECK,VIA OPENING INSPECTION,STRIP PHOTORESIST
valid_0235,CMP INTERLAYER DIELECTRIC,CMP DIELECTRIC,DEPOSIT INTERLAYER DIELECTRIC,MEASURE FILM THICKNESS,CLEAN AFTER POLY ETCH
valid_0236,MEASURE LINE WIDTH,DEPOSIT PASSIVATION LAYER,DEPOSIT PASSIVATION,MEASURE WAFER THICKNESS,MEASURE CONTACT RESISTANCE
valid_0237,SPIN COAT PHOTORESIST,DEPOSIT INTERLEVEL DIELECTRIC,PRE ANNEAL CHECK,DEPOSIT PASSIVATION LAYER,SOFT BAKE
valid_0238,CURE PASSIVATION,FINAL CLEAN,VIA OPENING INSPECTION,DEPOSIT INTERLEVEL DIELECTRIC,FINAL OXIDE CHECK
valid_0239,MEASURE SURFACE PLANARITY,MEASURE PLANARITY,CMP INTERLAYER DIELECTRIC,ANNEAL POLYSILICON,ALIGN MASK LEVEL 5
valid_0240,CURE PASSIVATION,FINAL CLEAN,VIA OPENING INSPECTION,MEASURE EPITAXY THICKNESS,FINAL OXIDE CHECK
valid_0241,MEASURE FILM THICKNESS,MEASURE DIELECTRIC THICKNESS,MEASURE OXIDE THICKNESS,DEPOSIT INTERLAYER DIELECTRIC,DEPOSIT TOP METAL
valid_0242,CURE PASSIVATION,MEASURE VIA RESISTANCE,FINAL CLEAN,EXPOSE LITHO LEVEL 6,ANNEAL METAL
valid_0243,CMP INTERLAYER DIELECTRIC,CMP DIELECTRIC,IMPLANT CHANNEL STOP,GATE OXIDE PREP,MEASURE PAD OPENING
valid_0244,DEPOSIT PASSIVATION LAYER,DEPOSIT PASSIVATION,MEASURE LINE WIDTH,MEASURE SHEET RESISTANCE,CLEAN AFTER METAL ETCH
valid_0245,SPIN COAT PHOTORESIST,DEPOSIT INTERLEVEL DIELECTRIC,PRE ANNEAL CHECK,MEASURE PASSIVATION THICKNESS,MEASURE THICKNESS
valid_0246,MEASURE PASSIVATION THICKNESS,MEASURE PASSIVATION QUALITY,MEASURE METAL THICKNESS,DEVELOP PHOTORESIST,CMP DIELECTRIC
valid_0247,SPIN COAT PHOTORESIST,DEPOSIT INTERLEVEL DIELECTRIC,PRE ANNEAL CHECK,MEASURE CONTACT RESISTANCE,DEPOSIT BARRIER METAL
valid_0248,CURE PASSIVATION,FINAL CLEAN,VIA OPENING INSPECTION,STRIP PHOTORESIST,FINAL OXIDE CHECK
valid_0249,SOFT BAKE,SPIN COAT PHOTORESIST,DEPOSIT PASSIVATION LAYER,RECEIVE WAFER LOT,FINAL LOT RELEASE
valid_0250,CURE PASSIVATION,FINAL CLEAN,MEASURE EPITAXY THICKNESS,DEPOSIT TOP METAL,VIA OPENING INSPECTION
valid_0251,MEASURE SURFACE PLANARITY,MEASURE PLANARITY,ANNEAL METAL 1,FINAL LOT RELEASE,WAFER SORT TEST
valid_0252,MEASURE PASSIVATION QUALITY,MEASURE PASSIVATION THICKNESS,DEPOSIT PASSIVATION,MEASURE CD LEVEL 1,MEASURE SHEET RESISTANCE
valid_0253,SPIN COAT PHOTORESIST,DEPOSIT INTERLEVEL DIELECTRIC,PRE ANNEAL CHECK,MEASURE POLY THICKNESS,MEASURE PASSIVATION THICKNESS
valid_0254,MEASURE PASSIVATION THICKNESS,MEASURE PASSIVATION QUALITY,DENSIFY OXIDE,FINAL PARTICLE INSPECTION,DEPOSIT PASSIVATION LAYER
valid_0255,MEASURE PLANARITY,MEASURE SURFACE PLANARITY,CMP INTERLAYER DIELECTRIC,MEASURE FILM THICKNESS,MEASURE DIELECTRIC THICKNESS
valid_0256,MEASURE PASSIVATION QUALITY,MEASURE PASSIVATION THICKNESS,CURE PASSIVATION,METAL PATTERN INSPECTION,CLEAN AFTER METAL ETCH
valid_0257,SPIN COAT PHOTORESIST,PRE ANNEAL CHECK,DEPOSIT INTERLEVEL DIELECTRIC,SOFT BAKE,DEPOSIT INTERLAYER DIELECTRIC
valid_0258,CURE PASSIVATION,STRIP PHOTORESIST,VIA OPENING INSPECTION,FINAL CLEAN,STRIP RESIST LEVEL 2
valid_0259,MEASURE SURFACE PLANARITY,MEASURE PLANARITY,PRE ANNEAL CHECK,ANNEAL POLYSILICON,ANNEAL METAL
valid_0260,CURE PASSIVATION,FINAL CLEAN,FINAL OXIDE CHECK,VIA OPENING INSPECTION,MEASURE EPITAXY THICKNESS
valid_0261,MEASURE SURFACE PLANARITY,MEASURE PLANARITY,HARD BAKE,SPIN COAT PHOTORESIST,MEASURE POLY THICKNESS
valid_0262,CURE PASSIVATION,VIA OPENING INSPECTION,STRIP RESIST,FINAL CLEAN,METAL ETCH DRY
valid_0263,CMP INTERLAYER DIELECTRIC,CMP DIELECTRIC,MEASURE CD LEVEL 2,CLEAN AFTER POLY ETCH,FILL VIA TUNGSTEN
valid_0264,CURE PASSIVATION,FINAL CLEAN,EXPOSE LITHO LEVEL 6,FINAL OXIDE CHECK,FINAL GEOMETRY CHECK
valid_0265,MEASURE DIELECTRIC THICKNESS,MEASURE FILM THICKNESS,CMP INTERLAYER DIELECTRIC,MEASURE VIA RESISTANCE,FINAL LOT RELEASE
valid_0266,CURE PASSIVATION,FINAL CLEAN,FINAL OXIDE CHECK,VIA OPENING INSPECTION,STRIP PHOTORESIST
valid_0267,SOFT BAKE,SPIN COAT PHOTORESIST,DEPOSIT PASSIVATION LAYER,FINAL GEOMETRY CHECK,CLEAN AFTER OXIDE ETCH
valid_0268,CURE PASSIVATION,FINAL CLEAN,FINAL OXIDE CHECK,VIA OPENING INSPECTION,MEASURE PAD OPENING
valid_0269,SPIN COAT PHOTORESIST,DEPOSIT INTERLEVEL DIELECTRIC,PRE ANNEAL CHECK,DEPOSIT FIELD OXIDE,MEASURE THICKNESS
valid_0270,MEASURE PASSIVATION THICKNESS,MEASURE PASSIVATION QUALITY,DEPOSIT PASSIVATION LAYER,CURE PASSIVATION,DEPOSIT PASSIVATION
valid_0271,MEASURE PLANARITY,MEASURE SURFACE PLANARITY,ANNEAL METAL 1,DEPOSIT GATE OXIDE OR DIELECTRIC,HARD BAKE
valid_0272,CURE PASSIVATION,FINAL CLEAN,FINAL OXIDE CHECK,DEPOSIT INTERLEVEL DIELECTRIC,MEASURE EPITAXY THICKNESS
valid_0273,MEASURE DIELECTRIC THICKNESS,MEASURE FILM THICKNESS,SPIN COAT PHOTORESIST,CMP INTERLAYER DIELECTRIC,MEASURE SURFACE PLANARITY
valid_0274,DEPOSIT PASSIVATION,DEPOSIT PASSIVATION LAYER,MEASURE VIA CD,DEPOSIT BARRIER METAL,BACKSIDE CLEAN FINAL
valid_0275,SPIN COAT PHOTORESIST,DEPOSIT INTERLEVEL DIELECTRIC,PRE ANNEAL CHECK,MEASURE PASSIVATION THICKNESS,MEASURE THICKNESS
valid_0276,CURE PASSIVATION,FINAL CLEAN,VIA OPENING INSPECTION,FINAL OXIDE CHECK,STRIP PHOTORESIST
valid_0277,SPIN COAT PHOTORESIST,DEPOSIT INTERLEVEL DIELECTRIC,POST EXPOSE BAKE,PRE ANNEAL CHECK,DEPOSIT FIELD OXIDE
valid_0278,MEASURE PASSIVATION THICKNESS,MEASURE PASSIVATION QUALITY,OPEN BOND PAD WINDOW,CURE PASSIVATION,MEASURE FILM THICKNESS
valid_0279,SPIN COAT PHOTORESIST,DEPOSIT INTERLEVEL DIELECTRIC,MEASURE POLY THICKNESS,DEPOSIT FIELD OXIDE,DEPOSIT PASSIVATION LAYER
valid_0280,CURE PASSIVATION,FINAL CLEAN,FINAL OXIDE CHECK,VIA OPENING INSPECTION,MEASURE DIELECTRIC THICKNESS
valid_0281,DENSIFY DIELECTRIC,DENSIFY OXIDE,BACKSIDE CLEAN FINAL,FINAL CD INSPECTION,CMP VIA FILL
valid_0282,CLEAN AFTER METAL ETCH,CLEAN PAD OPENING,CLEAN AFTER VIA ETCH,MEASURE RESISTIVITY,EXPOSE LITHO LEVEL 6
valid_0283,MEASURE SURFACE PLANARITY,MEASURE PLANARITY,DEVELOP PHOTORESIST,FINAL CD INSPECTION,ANNEAL POLYSILICON
valid_0284,CURE PASSIVATION,FINAL CLEAN,VIA OPENING INSPECTION,STRIP PHOTORESIST,FINAL OXIDE CHECK
valid_0285,MEASURE DIELECTRIC THICKNESS,MEASURE FILM THICKNESS,DENSIFY OXIDE,MEASURE VIA CD,FINAL GEOMETRY CHECK
valid_0286,DEPOSIT PASSIVATION LAYER,DEPOSIT PASSIVATION,DENSIFY DIELECTRIC,SPIN COAT PHOTORESIST,MEASURE THICKNESS
valid_0287,EXPOSE LITHO LEVEL 5,EXPOSE LITHO LEVEL 6,EXPOSE LITHO LEVEL 4,CLEAN AFTER ETCH,EXPOSE LITHO LEVEL 2
valid_0288,MEASURE PASSIVATION THICKNESS,MEASURE PASSIVATION QUALITY,DEPOSIT INTERLEVEL DIELECTRIC,SPIN COAT PHOTORESIST,MEASURE VIA RESISTANCE
valid_0289,SPIN COAT PHOTORESIST,DEPOSIT INTERLEVEL DIELECTRIC,PRE ANNEAL CHECK,SOFT BAKE,MEASURE THICKNESS
valid_0290,DEPOSIT PASSIVATION LAYER,DEPOSIT PASSIVATION,FINAL THICKNESS MEASURE,DEPOSIT GATE OXIDE OR DIELECTRIC,MEASURE THICKNESS
valid_0291,SPIN COAT PHOTORESIST,DEPOSIT INTERLEVEL DIELECTRIC,PRE ANNEAL CHECK,MEASURE POLY THICKNESS,SOFT BAKE
valid_0292,CURE PASSIVATION,FINAL CLEAN,MEASURE THICKNESS,STRIP PHOTORESIST,FINAL OXIDE CHECK
valid_0293,SPIN COAT PHOTORESIST,DEPOSIT INTERLEVEL DIELECTRIC,PRE ANNEAL CHECK,SOFT BAKE,DEPOSIT FIELD OXIDE
valid_0294,DEPOSIT PASSIVATION,DEPOSIT PASSIVATION LAYER,FILL VIA METAL,MEASURE LINE WIDTH,DEPOSIT GATE OXIDE OR DIELECTRIC
valid_0295,CMP VIA FILL,MEASURE SURFACE PLANARITY,MEASURE EPITAXY THICKNESS,FINAL GEOMETRY CHECK,CMP METAL
valid_0296,CURE PASSIVATION,FINAL CLEAN,DEPOSIT INTERLEVEL DIELECTRIC,FINAL OXIDE CHECK,VIA OPENING INSPECTION
valid_0297,MEASURE FILM THICKNESS,MEASURE DIELECTRIC THICKNESS,MEASURE OXIDE THICKNESS,CMP INTERLAYER DIELECTRIC,CMP DIELECTRIC
valid_0298,MEASURE LINE WIDTH,DEPOSIT PASSIVATION LAYER,DEPOSIT PASSIVATION,CLEAN AFTER FIELD ETCH,FINAL CLEAN
valid_0299,MEASURE SURFACE PLANARITY,MEASURE PLANARITY,SPIN COAT PHOTORESIST,MEASURE METAL THICKNESS,WAFER SORT TEST
valid_0300,CURE PASSIVATION,FINAL CLEAN,DEPOSIT INTERLEVEL DIELECTRIC,VIA OPENING INSPECTION,EXPOSE LITHO LEVEL 6
valid_0301,MEASURE PLANARITY,MEASURE SURFACE PLANARITY,IMPLANT LDD,ANNEAL METAL,MEASURE DIELECTRIC THICKNESS
valid_0302,CURE PASSIVATION,FINAL CLEAN,VIA OPENING INSPECTION,FINAL OXIDE CHECK,PASSIVATION ETCH PAD OPENING
valid_0303,MEASURE DIELECTRIC THICKNESS,VIA OPENING INSPECTION,STRIP PHOTORESIST,MEASURE LINE WIDTH,MEASURE FILM THICKNESS
valid_0304,MEASURE LINE WIDTH,DEPOSIT PASSIVATION,DEPOSIT PASSIVATION LAYER,DENSIFY OXIDE,CLEAN AFTER FIELD ETCH
valid_0305,SPIN COAT PHOTORESIST,DEPOSIT INTERLEVEL DIELECTRIC,MEASURE THICKNESS,PRE ANNEAL CHECK,STRIP RESIST
valid_0306,MEASURE PASSIVATION THICKNESS,MEASURE PASSIVATION QUALITY,MEASURE THICKNESS,CMP DIELECTRIC,PRE CLEAN WAFER
valid_0307,MEASURE SURFACE PLANARITY,MEASURE PLANARITY,ANNEAL METAL 1,ANNEAL METAL,CLEAN AFTER OXIDE ETCH
valid_0308,CURE PASSIVATION,FINAL CLEAN,VIA OPENING INSPECTION,FINAL OXIDE CHECK,PASSIVATION ETCH PAD OPENING
valid_0309,SPIN COAT PHOTORESIST,DEPOSIT INTERLEVEL DIELECTRIC,BACKSIDE CLEAN,STRIP RESIST,MEASURE POLY THICKNESS
valid_0310,CURE PASSIVATION,FINAL CLEAN,VIA OPENING INSPECTION,DEPOSIT INTERLEVEL DIELECTRIC,FINAL OXIDE CHECK
valid_0311,MEASURE PLANARITY,MEASURE SURFACE PLANARITY,ANNEAL METAL,BACKSIDE ANNEAL,ANNEAL POLYSILICON
valid_0312,CURE PASSIVATION,FINAL CLEAN,FINAL OXIDE CHECK,VIA OPENING INSPECTION,EXPOSE LITHO LEVEL 6
valid_0313,CMP DIELECTRIC,CMP INTERLAYER DIELECTRIC,POLYSILICON ANNEAL,DEPOSIT METAL 1,MEASURE CD LEVEL 1
valid_0314,DEPOSIT PASSIVATION LAYER,DEPOSIT PASSIVATION,MEASURE LINE WIDTH,DEVELOP PHOTORESIST,DEPOSIT INTERLEVEL DIELECTRIC
valid_0315,SPIN COAT PHOTORESIST,DEPOSIT INTERLEVEL DIELECTRIC,PRE ANNEAL CHECK,SOFT BAKE,MEASURE PASSIVATION THICKNESS
valid_0316,MEASURE LINE WIDTH,DEPOSIT PASSIVATION LAYER,DEPOSIT PASSIVATION,BACKSIDE GRIND,MEASURE DIELECTRIC THICKNESS
valid_0317,MEASURE FILM THICKNESS,MEASURE DIELECTRIC THICKNESS,SPIN COAT PHOTORESIST,CMP INTERLAYER DIELECTRIC,MEASURE OXIDE THICKNESS
valid_0318,MEASURE PASSIVATION QUALITY,MEASURE PASSIVATION THICKNESS,MEASURE JUNCTION PROFILE,PRE CLEAN INSPECTION,GRINDING WAFER BACKSIDE
valid_0319,MEASURE SURFACE PLANARITY,MEASURE PLANARITY,MEASURE DIELECTRIC THICKNESS,RAPID THERMAL ANNEAL,CLEAN AFTER POLY ETCH
valid_0320,CURE PASSIVATION,FINAL CLEAN,FINAL OXIDE CHECK,VIA OPENING INSPECTION,EXPOSE LITHO LEVEL 6
valid_0321,SPIN COAT PHOTORESIST,DEPOSIT INTERLEVEL DIELECTRIC,PRE ANNEAL CHECK,SOFT BAKE,MEASURE THICKNESS
valid_0322,CURE PASSIVATION,FINAL CLEAN,VIA OPENING INSPECTION,FINAL OXIDE CHECK,MEASURE EPITAXY THICKNESS
valid_0323,SOFT BAKE,SPIN COAT PHOTORESIST,FINAL GEOMETRY CHECK,CLEAN AFTER OXIDE ETCH,PRE ANNEAL CHECK
valid_0324,OPEN BOND PAD WINDOW,OPEN PAD WINDOW,DEVELOP PAD WINDOW,CMP VIA FILL,ETCH SILICON OR OXIDE WINDOW
valid_0325,CMP INTERLAYER DIELECTRIC,DEPOSIT TOP METAL,CMP DIELECTRIC,MEASURE SURFACE PLANARITY,MEASURE SPACER WIDTH
valid_0326,DEPOSIT PASSIVATION,DEPOSIT PASSIVATION LAYER,MEASURE WAFER THICKNESS,LOT RELEASE,DEPOSIT METAL 1
valid_0327,SPIN COAT PHOTORESIST,MEASURE POLY THICKNESS,DEPOSIT INTERLEVEL DIELECTRIC,CMP INTERLAYER DIELECTRIC,EXPOSE LITHO LEVEL 4
valid_0328,CURE PASSIVATION,FINAL CLEAN,VIA OPENING INSPECTION,EXPOSE LITHO LEVEL 6,FILL VIA METAL
valid_0329,MEASURE PLANARITY,MEASURE SURFACE PLANARITY,MEASURE POLY THICKNESS,ANNEAL POLYSILICON,STRIP RESIST LEVEL 2
valid_0330,MEASURE PASSIVATION QUALITY,MEASURE PASSIVATION THICKNESS,THRESHOLD VOLTAGE TEST,DEVELOP PHOTORESIST,DEPOSIT PASSIVATION LAYER
valid_0331,MEASURE PLANARITY,MEASURE SURFACE PLANARITY,DEPOSIT INTERLAYER DIELECTRIC,MEASURE VIA RESISTANCE,DEPOSIT FIELD OXIDE
valid_0332,CURE PASSIVATION,FINAL CLEAN,FINAL OXIDE CHECK,VIA OPENING INSPECTION,PASSIVATION ETCH PAD OPENING
valid_0333,DENSIFY DIELECTRIC,DENSIFY OXIDE,MEASURE OXIDE QUALITY,ALIGN MASK LEVEL 4,FRONTSIDE CLEAN FINAL
valid_0334,MEASURE LINE WIDTH,DEPOSIT PASSIVATION LAYER,DEPOSIT PASSIVATION,PRE CLEAN INSPECTION,INITIAL WAFER INSPECTION
valid_0335,CMP INTERLAYER DIELECTRIC,CMP DIELECTRIC,PRE ANNEAL CHECK,ANISOTROPIC ETCH SPACER,MEASURE FILM THICKNESS
valid_0336,MEASURE PASSIVATION THICKNESS,MEASURE PASSIVATION QUALITY,POLY PATTERN INSPECTION,HARD BAKE,MEASURE SURFACE UNIFORMITY
valid_0337,CMP DIELECTRIC,CMP INTERLAYER DIELECTRIC,MEASURE DIELECTRIC THICKNESS,ANNEAL METAL,DEPOSIT BACKSIDE PROTECTION
valid_0338,DEPOSIT PASSIVATION LAYER,DENSIFY DIELECTRIC,DEVELOP PAD WINDOW,DENSIFY OXIDE,FINAL OXIDE CHECK
valid_0339,SOFT BAKE,FINAL GEOMETRY CHECK,ANISOTROPIC ETCH SPACER,MEASURE JUNCTION PROFILE,CLEAN AFTER OXIDE ETCH
valid_0340,CURE PASSIVATION,FINAL CLEAN,FINAL OXIDE CHECK,PASSIVATION ETCH PAD OPENING,VIA OPENING INSPECTION
valid_0341,SPIN COAT PHOTORESIST,DEPOSIT INTERLEVEL DIELECTRIC,PRE ANNEAL CHECK,MEASURE PASSIVATION THICKNESS,MEASURE THICKNESS
valid_0342,OPEN BOND PAD WINDOW,OPEN PAD WINDOW,FINAL OXIDE CHECK,BACKSIDE RINSE,OPEN PAD WINDOW LITHO
valid_0343,SPIN COAT PHOTORESIST,DEPOSIT INTERLEVEL DIELECTRIC,MEASURE THICKNESS,DEPOSIT FIELD OXIDE,MEASURE PASSIVATION THICKNESS
valid_0344,MEASURE PASSIVATION THICKNESS,MEASURE PASSIVATION QUALITY,MEASURE METAL THICKNESS,PARAMETRIC TEST,CMP INTERLAYER DIELECTRIC
valid_0345,SPIN COAT PHOTORESIST,DEPOSIT INTERLEVEL DIELECTRIC,MEASURE POLY THICKNESS,PRE ANNEAL CHECK,STRIP RESIST
valid_0346,MEASURE PASSIVATION THICKNESS,MEASURE PASSIVATION QUALITY,DEVELOP PHOTORESIST,DEPOSIT PASSIVATION,MEASURE VIA RESISTANCE
valid_0347,CMP DIELECTRIC,CMP INTERLAYER DIELECTRIC,MEASURE DIELECTRIC THICKNESS,MEASURE FILM THICKNESS,MEASURE WAFER THICKNESS
valid_0348,DEPOSIT PASSIVATION,DEPOSIT PASSIVATION LAYER,LIGHT ANNEAL,CURE PASSIVATION,MEASURE SURFACE PLANARITY
valid_0349,DEPOSIT INTERLEVEL DIELECTRIC,DEPOSIT INTERLAYER DIELECTRIC,SPIN COAT PHOTORESIST,DEPOSIT FIELD OXIDE,VIA OPENING INSPECTION
valid_0350,CLEAN AFTER METAL ETCH,CLEAN AFTER POLY ETCH,FINAL GEOMETRY CHECK,CLEAN PAD OPENING,WAFER SORT TEST
valid_0351,CMP INTERLAYER DIELECTRIC,CMP DIELECTRIC,DEPOSIT INTERLAYER DIELECTRIC,MEASURE FILM THICKNESS,DEPOSIT METAL SEED
valid_0352,DEPOSIT PASSIVATION,DEPOSIT PASSIVATION LAYER,CLEAN AFTER VIA ETCH,FINAL LOT RELEASE,MEASURE SHEET RESISTANCE
valid_0353,ALIGN MASK LEVEL 5,SUBSTRATE CHECK,MEASURE LINE WIDTH,ALIGN MASK LEVEL 4,DRY WAFER
valid_0354,CURE PASSIVATION,FINAL CLEAN,VIA OPENING INSPECTION,STRIP PHOTORESIST,POST EXPOSE BAKE
valid_0355,SPIN COAT PHOTORESIST,DEPOSIT INTERLEVEL DIELECTRIC,PRE ANNEAL CHECK,SOFT BAKE,MEASURE PASSIVATION THICKNESS
valid_0356,DEPOSIT PASSIVATION,MEASURE LINE WIDTH,DEPOSIT PASSIVATION LAYER,BACKSIDE CLEAN FINAL,IMPLANT SOURCE REGION
valid_0357,MEASURE PLANARITY,MEASURE SURFACE PLANARITY,MEASURE VIA RESISTANCE,ANNEAL METAL 1,DEPOSIT PASSIVATION
valid_0358,CURE PASSIVATION,FINAL CLEAN,VIA OPENING INSPECTION,DRIVE IN DIFFUSION,MEASURE EPITAXY THICKNESS
valid_0359,SPIN COAT PHOTORESIST,DEPOSIT INTERLEVEL DIELECTRIC,PRE ANNEAL CHECK,CMP INTERLAYER DIELECTRIC,DEPOSIT FIELD OXIDE
valid_0360,CURE PASSIVATION,FINAL CLEAN,FINAL OXIDE CHECK,VIA OPENING INSPECTION,MEASURE DIELECTRIC THICKNESS
valid_0361,SPIN COAT PHOTORESIST,DEPOSIT INTERLEVEL DIELECTRIC,PRE ANNEAL CHECK,MEASURE PASSIVATION THICKNESS,DEPOSIT FIELD OXIDE
valid_0362,CURE PASSIVATION,FINAL CLEAN,MEASURE EPITAXY THICKNESS,VIA OPENING INSPECTION,DEPOSIT INTERLEVEL DIELECTRIC
valid_0363,MEASURE DIELECTRIC THICKNESS,MEASURE FILM THICKNESS,CMP INTERLAYER DIELECTRIC,SPIN COAT PHOTORESIST,POST EXPOSE BAKE
valid_0364,DEPOSIT PASSIVATION LAYER,MEASURE LINE WIDTH,DEPOSIT PASSIVATION,MEASURE PASSIVATION THICKNESS,DEVELOP PHOTORESIST
valid_0365,ALIGN MASK LEVEL 5,SUBSTRATE CHECK,MEASURE LINE WIDTH,DRY WAFER,EXPOSE LITHO LEVEL 5
valid_0366,DEPOSIT PASSIVATION,DEPOSIT PASSIVATION LAYER,PASSIVATION ETCH,IMPLANT SOURCE REGION,CLEAN AFTER VIA ETCH
valid_0367,MEASURE PLANARITY,MEASURE SURFACE PLANARITY,HARD BAKE,ANNEAL POLYSILICON,MEASURE METAL THICKNESS
valid_0368,MEASURE PASSIVATION THICKNESS,MEASURE PASSIVATION QUALITY,CMP INTERLAYER DIELECTRIC,DENSIFY DIELECTRIC,DEPOSIT PASSIVATION
valid_0369,SPIN COAT PHOTORESIST,PRE ANNEAL CHECK,SOFT BAKE,DEPOSIT INTERLEVEL DIELECTRIC,POST EXPOSE BAKE
valid_0370,CURE PASSIVATION,FINAL CLEAN,FINAL OXIDE CHECK,VIA OPENING INSPECTION,DEPOSIT INTERLEVEL DIELECTRIC
valid_0371,CMP INTERLAYER DIELECTRIC,CMP DIELECTRIC,POLYSILICON ANNEAL,GATE OXIDE PREP,YIELD ANALYSIS
valid_0372,DEPOSIT PASSIVATION,DEPOSIT PASSIVATION LAYER,MEASURE SHEET RESISTANCE,MEASURE CONTACT RESISTANCE,EPITAXIAL REWORK CHECK
valid_0373,SPIN COAT PHOTORESIST,DEPOSIT INTERLEVEL DIELECTRIC,MEASURE POLY THICKNESS,MEASURE THICKNESS,MEASURE PASSIVATION THICKNESS
valid_0374,CURE PASSIVATION,FINAL CLEAN,FINAL OXIDE CHECK,VIA OPENING INSPECTION,EXPOSE LITHO LEVEL 6
valid_0375,MEASURE DEVICE PARAMETER,DEPOSIT INTERLAYER DIELECTRIC,FINAL GEOMETRY CHECK,MEASURE JUNCTION PROFILE,DEPOSIT INTERLEVEL DIELECTRIC
valid_0376,CLEAN AFTER METAL ETCH,CLEAN PAD OPENING,BACKSIDE RINSE,PASSIVATION ETCH PAD OPENING,IMPLANT SOURCE DRAIN
valid_0377,CMP DIELECTRIC,CMP INTERLAYER DIELECTRIC,MEASURE FILM THICKNESS,MEASURE DIELECTRIC THICKNESS,CMP METAL
valid_0378,CURE PASSIVATION,FINAL CLEAN,VIA OPENING INSPECTION,STRIP PHOTORESIST,DEPOSIT INTERLEVEL DIELECTRIC
valid_0379,SPIN COAT PHOTORESIST,DEPOSIT INTERLEVEL DIELECTRIC,PRE ANNEAL CHECK,MEASURE THICKNESS,MEASURE METAL THICKNESS
valid_0380,MEASURE PASSIVATION QUALITY,MEASURE PASSIVATION THICKNESS,CMP INTERLAYER DIELECTRIC,DEPOSIT PASSIVATION,OPEN PAD WINDOW
valid_0381,MEASURE FILM THICKNESS,MEASURE DIELECTRIC THICKNESS,CMP INTERLAYER DIELECTRIC,FIELD OXIDE ETCH,CMP DIELECTRIC
valid_0382,MEASURE LINE WIDTH,DEPOSIT PASSIVATION LAYER,DEPOSIT PASSIVATION,DEVELOP PHOTORESIST,FINAL PARTICLE INSPECTION
valid_0383,SOFT BAKE,FINAL LOT RELEASE,ANISOTROPIC ETCH SPACER,FINAL GEOMETRY CHECK,POST EXPOSE BAKE
valid_0384,MEASURE PASSIVATION QUALITY,MEASURE PASSIVATION THICKNESS,DEPOSIT PASSIVATION,BACKSIDE GRIND,PAD WINDOW LITHO
valid_0385,MEASURE PLANARITY,MEASURE SURFACE PLANARITY,SPIN COAT PHOTORESIST,MEASURE METAL THICKNESS,FRONTSIDE CLEAN
valid_0386,CURE PASSIVATION,FINAL CLEAN,VIA OPENING INSPECTION,FINAL OXIDE CHECK,DEPOSIT INTERLEVEL DIELECTRIC
valid_0387,ALIGN MASK LEVEL 5,SUBSTRATE CHECK,ALIGN MASK LEVEL 4,IMPLANT LDD,IMPLANT WELL
valid_0388,CURE PASSIVATION,VIA OPENING INSPECTION,FINAL OXIDE CHECK,FINAL CLEAN,MEASURE LINE WIDTH
valid_0389,MEASURE PLANARITY,MEASURE SURFACE PLANARITY,DEVELOP PHOTORESIST,EPITAXIAL REWORK CHECK,POST EXPOSE BAKE
valid_0390,CURE PASSIVATION,FINAL CLEAN,FINAL OXIDE CHECK,VIA OPENING INSPECTION,EXPOSE LITHO LEVEL 6
valid_0391,SPIN COAT PHOTORESIST,DEPOSIT INTERLEVEL DIELECTRIC,PRE ANNEAL CHECK,MEASURE METAL THICKNESS,DEPOSIT FIELD OXIDE
valid_0392,DEPOSIT PASSIVATION,DEPOSIT PASSIVATION LAYER,DEPOSIT GATE OXIDE OR DIELECTRIC,LOT RELEASE,FINAL THICKNESS MEASURE
valid_0393,MEASURE SURFACE PLANARITY,MEASURE PLANARITY,ANNEAL POLYSILICON,VIA INSPECTION,STRIP RESIST
valid_0394,CURE PASSIVATION,FINAL CLEAN,VIA OPENING INSPECTION,ANNEAL METAL 1,DEPOSIT INTERLEVEL DIELECTRIC
valid_0395,SPIN COAT PHOTORESIST,DEPOSIT INTERLEVEL DIELECTRIC,MEASURE PASSIVATION THICKNESS,MEASURE THICKNESS,PRE ANNEAL CHECK
valid_0396,MEASURE PASSIVATION QUALITY,LOT RELEASE,MEASURE PASSIVATION THICKNESS,CMP METAL,MEASURE POLY THICKNESS
valid_0397,CMP DIELECTRIC,MEASURE DIELECTRIC THICKNESS,BACKSIDE CLEAN FINAL,MEASURE PLANARITY,MEASURE VIA RESISTANCE
valid_0398,CURE PASSIVATION,FINAL CLEAN,FINAL OXIDE CHECK,DEPOSIT INTERLEVEL DIELECTRIC,VIA OPENING INSPECTION
valid_0399,MEASURE SURFACE PLANARITY,MEASURE PLANARITY,DEPOSIT INTERLAYER DIELECTRIC,CMP INTERLAYER DIELECTRIC,ANNEAL METAL
valid_0400,DEPOSIT PASSIVATION,DEPOSIT GATE OXIDE OR DIELECTRIC,DEPOSIT PASSIVATION LAYER,LOT RELEASE,MEASURE CONTACT RESISTANCE
valid_0401,DEPOSIT TUNGSTEN SEED,DEPOSIT METAL SEED,FINAL GEOMETRY CHECK,DEPOSIT BACKSIDE PROTECTION,FINAL LOT RELEASE
valid_0402,PASSIVATION ETCH PAD OPENING,PASSIVATION ETCH,FINAL OXIDE CHECK,OPEN PAD WINDOW,MEASURE CD LEVEL 1
valid_0403,MEASURE VIA CD,DEPOSIT PASSIVATION,DEPOSIT BARRIER METAL,RAPID THERMAL ANNEAL,DIELECTRIC ETCH VIA
valid_0404,PASSIVATION ETCH PAD OPENING,PASSIVATION ETCH,FINAL PARTICLE INSPECTION,MEASURE LINE WIDTH,BACKSIDE THINNING CHECK
valid_0405,MEASURE VIA CD,DEPOSIT BARRIER METAL,IMPLANT N-TYPE,IMPLANT P BODY,THERMAL OXIDATION
valid_0406,MEASURE PASSIVATION THICKNESS,MEASURE PASSIVATION QUALITY,CURE PASSIVATION,LOT RELEASE,PASSIVATION ETCH PAD OPENING
valid_0407,STRIP PHOTORESIST,STRIP RESIST,MEASURE CONTACT RESISTANCE,YIELD ANALYSIS,POST EXPOSE BAKE
valid_0408,MEASURE PASSIVATION THICKNESS,MEASURE PASSIVATION QUALITY,DIELECTRIC ETCH VIA,HARD BAKE,CURE PASSIVATION
valid_0409,STRIP RESIST,STRIP PHOTORESIST,MEASURE CONTACT RESISTANCE,MEASURE DIELECTRIC THICKNESS,DIELECTRIC ETCH VIA
valid_0410,OPEN PAD WINDOW,OPEN BOND PAD WINDOW,MEASURE METAL THICKNESS,FILL VIA METAL,STRIP RESIST
valid_0411,CLEAN AFTER VIA ETCH,DEVELOP PHOTORESIST,ANNEAL DIELECTRIC,MEASURE FILM THICKNESS,SOFT BAKE
valid_0412,OPEN PAD WINDOW,OPEN BOND PAD WINDOW,PAD WINDOW LITHO,DEPOSIT TUNGSTEN SEED,PASSIVATION ETCH
valid_0413,STRIP RESIST,STRIP PHOTORESIST,DEVELOP PHOTORESIST,YIELD ANALYSIS,EXPOSE LITHO LEVEL 3
valid_0414,MEASURE PASSIVATION QUALITY,MEASURE PASSIVATION THICKNESS,MEASURE METAL THICKNESS,MEASURE LINE WIDTH,CURE PASSIVATION
valid_0415,CLEAN AFTER VIA ETCH,DEVELOP PHOTORESIST,ANNEAL DIELECTRIC,MEASURE FILM THICKNESS,SOFT BAKE
valid_0416,DEVELOP PAD WINDOW,DEVELOP PHOTORESIST,PRE ANNEAL CHECK,DEPOSIT PASSIVATION,PASSIVATION ETCH
valid_0417,CLEAN AFTER VIA ETCH,MEASURE FILM THICKNESS,SOFT BAKE,WAFER SORT TEST,ANNEAL DIELECTRIC
valid_0418,PASSIVATION ETCH PAD OPENING,PASSIVATION ETCH,DEVELOP PAD WINDOW,DEPOSIT BACKSIDE PROTECTION,BACKSIDE CLEAN FINAL
valid_0419,STRIP RESIST,STRIP PHOTORESIST,MEASURE CONTACT RESISTANCE,STRIP RESIST LEVEL 2,POST EXPOSE BAKE
valid_0420,CURE PASSIVATION,FINAL OXIDE CHECK,FINAL CLEAN,VIA OPENING INSPECTION,FINAL GEOMETRY CHECK
valid_0421,DEPOSIT TUNGSTEN SEED,BACKSIDE CLEAN,FINAL LOT RELEASE,PACKAGE PREPARATION,DEPOSIT METAL SEED
valid_0422,PASSIVATION ETCH,PASSIVATION ETCH PAD OPENING,DEPOSIT PASSIVATION,IMPLANT SOURCE REGION,LOT IDENTIFICATION
valid_0423,DEPOSIT BARRIER METAL,MEASURE VIA CD,METAL PATTERN INSPECTION,DEPOSIT SPACER DIELECTRIC,DEPOSIT FIELD OXIDE
valid_0424,OPEN PAD WINDOW,OPEN BOND PAD WINDOW,FINAL ELECTRICAL TEST PREP,WAFER SORT TEST,MEASURE FILM THICKNESS
valid_0425,CLEAN AFTER VIA ETCH,MEASURE FILM THICKNESS,ANNEAL DIELECTRIC,SOFT BAKE,EXPOSE LITHO LEVEL 4
valid_0426,OPEN PAD WINDOW LITHO,PAD WINDOW LITHO,EXPOSE LITHO LEVEL 3,CLEAN AFTER METAL ETCH,DEPOSIT PASSIVATION LAYER
valid_0427,CLEAN AFTER VIA ETCH,DEVELOP PHOTORESIST,CLEAN AFTER FIELD ETCH,WAFER SORT TEST,CLEAN AFTER ETCH
valid_0428,OPEN BOND PAD WINDOW,OPEN PAD WINDOW,DEPOSIT TUNGSTEN SEED,VIA OPENING INSPECTION,GRINDING WAFER BACKSIDE
valid_0429,STRIP PHOTORESIST,STRIP RESIST,VIA ETCH,DIELECTRIC ETCH VIA,MEASURE CONTACT RESISTANCE
valid_0430,PAD WINDOW LITHO,OPEN PAD WINDOW LITHO,BACKSIDE GRIND,CMP METAL,FILL VIA METAL
valid_0431,MEASURE VIA CD,DEPOSIT BARRIER METAL,DEPOSIT TOP METAL,RAPID THERMAL ANNEAL,THERMAL OXIDATION
valid_0432,PAD WINDOW LITHO,OPEN PAD WINDOW LITHO,CMP VIA FILL,FINAL GEOMETRY CHECK,FINAL PARTICLE INSPECTION
valid_0433,STRIP RESIST,STRIP PHOTORESIST,VIA ETCH THROUGH DIELECTRIC,DEVELOP PHOTORESIST,WET CLEAN RCA1
valid_0434,DEVELOP PHOTORESIST,DEVELOP PAD WINDOW,POST EXPOSE BAKE,SOFT BAKE,FINAL CD INSPECTION
valid_0435,DEPOSIT BARRIER METAL,CLEAN AFTER POLY ETCH,FRONTSIDE CLEAN,MEASURE SHEET RESISTANCE,ANNEAL METAL
valid_0436,PAD WINDOW LITHO,OPEN PAD WINDOW LITHO,FINAL GEOMETRY CHECK,MEASURE THICKNESS,FINAL CD INSPECTION
valid_0437,CLEAN AFTER VIA ETCH,ANNEAL DIELECTRIC,SOFT BAKE,CLEAN AFTER FIELD ETCH,MEASURE FILM THICKNESS
valid_0438,OPEN PAD WINDOW LITHO,PAD WINDOW LITHO,YIELD ANALYSIS,CLEAN AFTER METAL ETCH,FINAL CD INSPECTION
valid_0439,CLEAN AFTER VIA ETCH,DEVELOP PHOTORESIST,SOFT BAKE,ANNEAL DIELECTRIC,MEASURE FILM THICKNESS
valid_0440,PAD WINDOW LITHO,OPEN PAD WINDOW LITHO,OPEN PAD WINDOW,FINAL GEOMETRY CHECK,VIA OPENING INSPECTION
valid_0441,STRIP PHOTORESIST,STRIP RESIST,STRIP RESIST LEVEL 2,BACKSIDE GRIND,MEASURE DIELECTRIC THICKNESS
valid_0442,OPEN PAD WINDOW,OPEN BOND PAD WINDOW,PAD WINDOW LITHO,DEPOSIT TUNGSTEN SEED,CLEAN AFTER METAL ETCH
valid_0443,DEPOSIT BARRIER METAL,FRONTSIDE CLEAN,ANNEAL METAL,CLEAN AFTER POLY ETCH,FINAL THICKNESS MEASURE
valid_0444,OPEN PAD WINDOW,OPEN BOND PAD WINDOW,MEASURE FILM THICKNESS,CLEAN AFTER METAL ETCH,STRIP RESIST
valid_0445,CLEAN AFTER VIA ETCH,FINAL OXIDE CHECK,WAFER SURFACE CLEAN,MEASURE FILM THICKNESS,MEASURE PASSIVATION THICKNESS
valid_0446,OPEN BOND PAD WINDOW,OPEN PAD WINDOW,EXPOSE LITHO LEVEL 3,PAD WINDOW LITHO,FRONTSIDE CLEAN FINAL
valid_0447,CLEAN AFTER VIA ETCH,CLEAN AFTER METAL ETCH,BACKSIDE RINSE,DEVELOP PHOTORESIST,MEASURE FILM THICKNESS
valid_0448,DEVELOP PHOTORESIST,DEVELOP PAD WINDOW,POST EXPOSE BAKE,STRIP RESIST,FILL VIA METAL
valid_0449,CLEAN AFTER VIA ETCH,DEVELOP PHOTORESIST,MEASURE FILM THICKNESS,CLEAN AFTER METAL ETCH,SOFT BAKE
valid_0450,PAD WINDOW LITHO,OPEN PAD WINDOW LITHO,FINAL GEOMETRY CHECK,FINAL CD INSPECTION,FINAL THICKNESS MEASURE
valid_0451,MEASURE VIA CD,DEPOSIT BARRIER METAL,PASSIVATION ETCH PAD OPENING,STRIP RESIST,DEPOSIT TOP METAL
valid_0452,DEVELOP PHOTORESIST,DEVELOP PAD WINDOW,POST EXPOSE BAKE,STRIP RESIST,LOT IDENTIFICATION
valid_0453,MEASURE VIA CD,DEPOSIT BARRIER METAL,CLEAN AFTER VIA ETCH,DRIVE IN DIFFUSION,RAPID THERMAL ANNEAL
valid_0454,OPEN PAD WINDOW LITHO,PAD WINDOW LITHO,FINAL GEOMETRY CHECK,OPEN BOND PAD WINDOW,EXPOSE LITHO LEVEL 3
valid_0455,DEPOSIT BARRIER METAL,MEASURE METAL THICKNESS,CLEAN AFTER POLY ETCH,PASSIVATION ETCH PAD OPENING,ANNEAL METAL
valid_0456,DEVELOP PAD WINDOW,DEVELOP PHOTORESIST,PASSIVATION ETCH,PAD WINDOW LITHO,OPEN PAD WINDOW LITHO
valid_0457,STRIP RESIST,STRIP PHOTORESIST,STRIP RESIST LEVEL 2,YIELD ANALYSIS,EXPOSE LITHO LEVEL 3
valid_0458,MEASURE PASSIVATION THICKNESS,MEASURE PASSIVATION QUALITY,MEASURE SHEET RESISTANCE,MEASURE THICKNESS,OPEN BOND PAD WINDOW
valid_0459,DIELECTRIC ETCH VIA,VIA ETCH THROUGH DIELECTRIC,VIA ETCH,HARD BAKE,VIA INSPECTION
valid_0460,MEASURE PASSIVATION THICKNESS,MEASURE PASSIVATION QUALITY,SPIN COAT PHOTORESIST,MEASURE THICKNESS,FINAL GEOMETRY CHECK
valid_0461,MEASURE VIA CD,DEPOSIT BARRIER METAL,FINAL THICKNESS MEASURE,RAPID THERMAL ANNEAL,CLEAN AFTER VIA ETCH
valid_0462,PAD WINDOW LITHO,OPEN PAD WINDOW LITHO,FINAL PARTICLE INSPECTION,CMP DIELECTRIC,MEASURE PASSIVATION QUALITY
valid_0463,MEASURE VIA CD,DEPOSIT BARRIER METAL,RAPID THERMAL ANNEAL,CLEAN AFTER VIA ETCH,FINAL OXIDE CHECK
valid_0464,PAD WINDOW LITHO,OPEN PAD WINDOW LITHO,BACKSIDE GRIND,DEPOSIT PASSIVATION,ANNEAL METAL 1
valid_0465,DIELECTRIC ETCH VIA,HARD BAKE,VIA ETCH,VIA ETCH THROUGH DIELECTRIC,OXIDE ETCH
valid_0466,CURE PASSIVATION,FINAL CLEAN,DEPOSIT INTERLEVEL DIELECTRIC,OXIDE ETCH DRY,STRIP RESIST LEVEL 2
valid_0467,CLEAN AFTER VIA ETCH,DEVELOP PHOTORESIST,CLEAN AFTER FIELD ETCH,WAFER SORT TEST,SOFT BAKE
valid_0468,OPEN BOND PAD WINDOW,OPEN PAD WINDOW,PAD WINDOW LITHO,MEASURE DEVICE PARAMETER,CLEAN AFTER METAL ETCH
valid_0469,CLEAN AFTER VIA ETCH,DEVELOP PHOTORESIST,ANNEAL DIELECTRIC,WAFER SORT TEST,SOFT BAKE
valid_0470,OPEN PAD WINDOW,OPEN BOND PAD WINDOW,DEPOSIT INTERLAYER DIELECTRIC,DEPOSIT POLYSILICON,MEASURE CONTACT RESISTANCE
valid_0471,DEPOSIT BARRIER METAL,ANNEAL METAL,FRONTSIDE CLEAN,PASSIVATION ETCH PAD OPENING,FINAL THICKNESS MEASURE
valid_0472,PASSIVATION ETCH PAD OPENING,PASSIVATION ETCH,VIA OPENING INSPECTION,FINAL OXIDE CHECK,HARD BAKE
valid_0473,STRIP PHOTORESIST,STRIP RESIST,DEVELOP PHOTORESIST,MEASURE VIA CD,CLEAN AFTER VIA ETCH
valid_0474,MEASURE PASSIVATION QUALITY,MEASURE PASSIVATION THICKNESS,SWITCHING TEST,DEPOSIT PASSIVATION LAYER,CURE PASSIVATION
valid_0475,VIA ETCH,DIELECTRIC ETCH VIA,VIA ETCH THROUGH DIELECTRIC,FINAL CD INSPECTION,FINAL PARTICLE INSPECTION
valid_0476,MEASURE PASSIVATION QUALITY,MEASURE PASSIVATION THICKNESS,FINAL PARTICLE INSPECTION,FINAL ELECTRICAL TEST PREP,THRESHOLD VOLTAGE TEST
valid_0477,CLEAN AFTER VIA ETCH,ANNEAL DIELECTRIC,DEVELOP PHOTORESIST,SOFT BAKE,MEASURE FILM THICKNESS
valid_0478,OPEN PAD WINDOW,OPEN BOND PAD WINDOW,MEASURE DIELECTRIC THICKNESS,PASSIVATION ETCH,PASSIVATION ETCH PAD OPENING
valid_0479,CLEAN AFTER VIA ETCH,DEVELOP PHOTORESIST,MEASURE FILM THICKNESS,ANNEAL DIELECTRIC,WAFER SORT TEST
valid_0480,PAD WINDOW LITHO,OPEN PAD WINDOW LITHO,BACKSIDE GRIND,CLEAN AFTER METAL ETCH,OPEN PAD WINDOW
valid_0481,MEASURE VIA CD,DEPOSIT BARRIER METAL,MEASURE CONTACT RESISTANCE,YIELD ANALYSIS,FINAL THICKNESS MEASURE
valid_0482,OPEN BOND PAD WINDOW,OPEN PAD WINDOW,SWITCHING TEST,MEASURE METAL THICKNESS,PRE ANNEAL CHECK
valid_0483,DEPOSIT TUNGSTEN SEED,DEPOSIT BACKSIDE PROTECTION,FINAL LOT RELEASE,RINSE WET WAFER EDGE,PATTERN INSPECTION LEVEL 2
valid_0484,DEVELOP PHOTORESIST,DEVELOP PAD WINDOW,POST EXPOSE BAKE,PASSIVATION ETCH,RCA CLEAN 2
valid_0485,DEPOSIT BARRIER METAL,FRONTSIDE CLEAN,CLEAN AFTER POLY ETCH,FINAL THICKNESS MEASURE,SPIN COAT PHOTORESIST
valid_0486,DEVELOP PHOTORESIST,DEVELOP PAD WINDOW,POST EXPOSE BAKE,METAL PATTERN INSPECTION,FINAL CLEAN
valid_0487,CLEAN AFTER VIA ETCH,DEVELOP PHOTORESIST,SOFT BAKE,ANNEAL DIELECTRIC,CLEAN AFTER METAL ETCH
valid_0488,MEASURE PASSIVATION QUALITY,MEASURE PASSIVATION THICKNESS,SPIN COAT PHOTORESIST,CMP INTERLAYER DIELECTRIC,MEASURE POLY THICKNESS
valid_0489,CLEAN AFTER VIA ETCH,MEASURE FILM THICKNESS,CLEAN AFTER FIELD ETCH,ANNEAL DIELECTRIC,WAFER SORT TEST
valid_0490,OPEN BOND PAD WINDOW,OPEN PAD WINDOW,FINAL GEOMETRY CHECK,MEASURE SURFACE PLANARITY,FINAL PARTICLE INSPECTION
valid_0491,STRIP RESIST,STRIP PHOTORESIST,DIELECTRIC ETCH VIA,SPIN COAT PHOTORESIST,BACKSIDE GRIND
valid_0492,OPEN PAD WINDOW LITHO,PAD WINDOW LITHO,EXPOSE LITHO LEVEL 3,DENSIFY DIELECTRIC,PRE ANNEAL CHECK
valid_0493,DEPOSIT BARRIER METAL,MEASURE VIA CD,METAL PATTERN INSPECTION,MEASURE CONTACT RESISTANCE,DEPOSIT METAL SEED
valid_0494,PAD WINDOW LITHO,OPEN PAD WINDOW LITHO,BACKSIDE GRIND,PASSIVATION ETCH,DEPOSIT PASSIVATION
valid_0495,CLEAN AFTER VIA ETCH,SOFT BAKE,ANNEAL DIELECTRIC,DEVELOP PHOTORESIST,MEASURE FILM THICKNESS
valid_0496,MEASURE PASSIVATION THICKNESS,MEASURE PASSIVATION QUALITY,METAL ETCH,BACKSIDE THINNING CHECK,CURE PASSIVATION
valid_0497,DEPOSIT BARRIER METAL,MEASURE VIA CD,CLEAN AFTER POLY ETCH,YIELD ANALYSIS,MEASURE VIA RESISTANCE
valid_0498,DEVELOP PHOTORESIST,DEVELOP PAD WINDOW,METAL ETCH DRY,DEPOSIT INTERLEVEL DIELECTRIC,LOT IDENTIFICATION
valid_0499,CLEAN AFTER VIA ETCH,MEASURE FILM THICKNESS,SOFT BAKE,EPITAXIAL WAFER CHECK,ANNEAL DIELECTRIC
valid_0500,PAD WINDOW LITHO,OPEN PAD WINDOW LITHO,FINAL GEOMETRY CHECK,FINAL THICKNESS MEASURE,EXPOSE LITHO LEVEL 3
valid_0501,CLEAN AFTER VIA ETCH,CLEAN AFTER FIELD ETCH,DEVELOP PHOTORESIST,MEASURE VIA CD,MEASURE FILM THICKNESS
valid_0502,PAD WINDOW LITHO,OPEN PAD WINDOW LITHO,EXPOSE LITHO LEVEL 3,FINAL GEOMETRY CHECK,FINAL PARTICLE INSPECTION
valid_0503,DEPOSIT BARRIER METAL,FRONTSIDE CLEAN,ANNEAL METAL,PASSIVATION ETCH PAD OPENING,CLEAN AFTER POLY ETCH
valid_0504,PASSIVATION ETCH,PASSIVATION ETCH PAD OPENING,PAD WINDOW LITHO,BACKSIDE CLEAN FINAL,MEASURE RESISTIVITY
valid_0505,STRIP RESIST,STRIP PHOTORESIST,ANNEAL METAL 1,MEASURE VIA CD,MEASURE DIELECTRIC THICKNESS
valid_0506,CURE PASSIVATION,FINAL CLEAN,VIA OPENING INSPECTION,FINAL OXIDE CHECK,EXPOSE LITHO LEVEL 6
valid_0507,STRIP RESIST,STRIP PHOTORESIST,DIELECTRIC ETCH VIA,ANNEAL METAL 1,MEASURE CONTACT RESISTANCE
valid_0508,DEVELOP PHOTORESIST,DEVELOP PAD WINDOW,METAL ETCH DRY,DEPOSIT BARRIER METAL,DEPOSIT INTERLEVEL DIELECTRIC
valid_0509,CLEAN AFTER VIA ETCH,DEVELOP PHOTORESIST,MEASURE FILM THICKNESS,ANNEAL DIELECTRIC,CLEAN AFTER METAL ETCH
valid_0510,MEASURE PASSIVATION THICKNESS,MEASURE PASSIVATION QUALITY,BACKSIDE THINNING CHECK,FINAL GEOMETRY CHECK,MEASURE SHEET RESISTANCE
valid_0511,HARD BAKE,VIA ETCH,VIA ETCH THROUGH DIELECTRIC,DIELECTRIC ETCH VIA,DEVELOP PHOTORESIST
valid_0512,OPEN BOND PAD WINDOW,OPEN PAD WINDOW,WAFER SORT TEST,MEASURE THICKNESS,VIA ETCH
valid_0513,DEPOSIT BARRIER METAL,MEASURE VIA CD,MEASURE METAL THICKNESS,CURE PASSIVATION,DEPOSIT INTERLEVEL DIELECTRIC
valid_0514,OPEN PAD WINDOW LITHO,PAD WINDOW LITHO,FINAL CD INSPECTION,PASSIVATION ETCH,FINAL OXIDE CHECK
valid_0515,MEASURE VIA CD,DEPOSIT BARRIER METAL,MEASURE CONTACT RESISTANCE,EXPOSE LITHO LEVEL 5,DEPOSIT SPACER DIELECTRIC
valid_0516,OPEN PAD WINDOW LITHO,PAD WINDOW LITHO,DEPOSIT INTERLAYER DIELECTRIC,PASSIVATION ETCH PAD OPENING,EXPOSE LITHO LEVEL 3
valid_0517,MEASURE VIA CD,DEPOSIT BARRIER METAL,MEASURE CONTACT RESISTANCE,IMPLANT N-TYPE,VIA OPENING INSPECTION
valid_0518,DEVELOP PAD WINDOW,DEVELOP PHOTORESIST,POST EXPOSE BAKE,CLEAN AFTER ETCH,SWITCHING TEST
valid_0519,MEASURE VIA CD,DEPOSIT BARRIER METAL,MEASURE CONTACT RESISTANCE,LOT RELEASE,PASSIVATION ETCH PAD OPENING
valid_0520,OPEN PAD WINDOW LITHO,PAD WINDOW LITHO,FINAL GEOMETRY CHECK,CLEAN AFTER VIA ETCH,FINAL PARTICLE INSPECTION
valid_0521,MEASURE VIA CD,HF DIP,FINAL THICKNESS MEASURE,MEASURE CONTACT RESISTANCE,DEPOSIT BARRIER METAL
valid_0522,DEVELOP PHOTORESIST,DEVELOP PAD WINDOW,POST EXPOSE BAKE,IMPLANT N-TYPE,FINAL CLEAN
valid_0523,STRIP PHOTORESIST,STRIP RESIST,PRE ANNEAL CHECK,STRIP RESIST LEVEL 2,FINAL THICKNESS MEASURE
valid_0524,OPEN PAD WINDOW,OPEN BOND PAD WINDOW,PASSIVATION ETCH PAD OPENING,MEASURE WAFER THICKNESS,EXPOSE LITHO LEVEL 3
valid_0525,MEASURE VIA CD,DEPOSIT BARRIER METAL,MEASURE CONTACT RESISTANCE,ANNEAL METAL 1,RAPID THERMAL ANNEAL
valid_0526,DEVELOP PHOTORESIST,DEVELOP PAD WINDOW,PASSIVATION ETCH,LOT IDENTIFICATION,MEASURE VIA RESISTANCE
valid_0527,DEPOSIT BARRIER METAL,FINAL THICKNESS MEASURE,CLEAN AFTER POLY ETCH,MEASURE METAL THICKNESS,MEASURE SHEET RESISTANCE
valid_0528,PAD WINDOW LITHO,OPEN PAD WINDOW LITHO,DEPOSIT POLYSILICON,CLEAN AFTER VIA ETCH,MEASURE PLANARITY
valid_0529,CLEAN AFTER VIA ETCH,HF DIP,CLEAN AFTER FIELD ETCH,DEVELOP PHOTORESIST,MEASURE FILM THICKNESS
valid_0530,CURE PASSIVATION,DEPOSIT INTERLEVEL DIELECTRIC,FINAL CLEAN,VIA OPENING INSPECTION,MEASURE EPITAXY THICKNESS
valid_0531,DEPOSIT BARRIER METAL,CLEAN AFTER POLY ETCH,FRONTSIDE CLEAN,ANNEAL METAL,DENSIFY DIELECTRIC
valid_0532,PASSIVATION ETCH PAD OPENING,PASSIVATION ETCH,VIA INSPECTION,PAD WINDOW LITHO,FINAL PARTICLE INSPECTION
valid_0533,DEPOSIT TUNGSTEN SEED,FINAL LOT RELEASE,DEPOSIT METAL SEED,DEPOSIT BACKSIDE PROTECTION,FINAL GEOMETRY CHECK
valid_0534,PASSIVATION ETCH PAD OPENING,PASSIVATION ETCH,METAL PATTERN INSPECTION,BACKSIDE CLEAN FINAL,VIA INSPECTION
valid_0535,DEPOSIT BARRIER METAL,BACKSIDE THINNING CHECK,DEPOSIT METAL SEED,ANNEAL METAL,PASSIVATION ETCH PAD OPENING
valid_0536,PASSIVATION ETCH,PASSIVATION ETCH PAD OPENING,POST EXPOSE BAKE,CMP VIA FILL,VIA OPENING INSPECTION
valid_0537,DEPOSIT BARRIER METAL,MEASURE VIA CD,POST EXPOSE BAKE,THERMAL OXIDATION,DEPOSIT INTERLAYER DIELECTRIC
valid_0538,DEVELOP PAD WINDOW,DEVELOP PHOTORESIST,MEASURE LINE WIDTH,DENSIFY DIELECTRIC,DEPOSIT PASSIVATION LAYER
valid_0539,STRIP RESIST,STRIP PHOTORESIST,STRIP RESIST LEVEL 2,MEASURE LINE WIDTH,PASSIVATION ETCH PAD OPENING
valid_0540,OPEN BOND PAD WINDOW,OPEN PAD WINDOW,OPEN PAD WINDOW LITHO,DEPOSIT BARRIER METAL,MEASURE PASSIVATION THICKNESS
valid_0541,STRIP RESIST,STRIP PHOTORESIST,VIA ETCH THROUGH DIELECTRIC,VIA ETCH,DIELECTRIC ETCH VIA
valid_0542,OPEN PAD WINDOW,OPEN BOND PAD WINDOW,PAD WINDOW LITHO,BACKSIDE GRIND,OPEN PAD WINDOW LITHO
valid_0543,MEASURE VIA CD,DEPOSIT BARRIER METAL,YIELD ANALYSIS,MEASURE CONTACT RESISTANCE,FINAL THICKNESS MEASURE
valid_0544,OPEN BOND PAD WINDOW,OPEN PAD WINDOW,DEVELOP PHOTORESIST,IMPLANT DRAIN / CATHODE REGION,LOT RELEASE
valid_0545,DEPOSIT BARRIER METAL,ANNEAL METAL,SPIN COAT PHOTORESIST,CLEAN AFTER POLY ETCH,MEASURE SHEET RESISTANCE
valid_0546,DEVELOP PAD WINDOW,DEVELOP PHOTORESIST,WAFER SORT TEST,FINAL ELECTRICAL TEST PREP,ANNEAL METAL 1
valid_0547,CLEAN AFTER VIA ETCH,CLEAN AFTER FIELD ETCH,MEASURE VIA CD,DEVELOP PHOTORESIST,SOFT BAKE
valid_0548,DEVELOP PAD WINDOW,DEVELOP PHOTORESIST,POST EXPOSE BAKE,RAPID THERMAL ANNEAL,STRIP RESIST
valid_0549,DEPOSIT TUNGSTEN SEED,FINAL GEOMETRY CHECK,DEVELOP PHOTORESIST,FINAL LOT RELEASE,DEPOSIT METAL SEED
valid_0550,PASSIVATION ETCH,PASSIVATION ETCH PAD OPENING,STRIP PHOTORESIST,CMP VIA FILL,OPEN PAD WINDOW LITHO
valid_0551,CLEAN AFTER VIA ETCH,SOFT BAKE,MEASURE FILM THICKNESS,ANNEAL DIELECTRIC,CLEAN AFTER METAL ETCH
valid_0552,OPEN PAD WINDOW LITHO,PAD WINDOW LITHO,EXPOSE LITHO LEVEL 3,DEVELOP PHOTORESIST,FINAL CD INSPECTION
valid_0553,DEPOSIT BARRIER METAL,MEASURE VIA CD,POST EXPOSE BAKE,SPIN COAT PHOTORESIST,FINAL LOT RELEASE
valid_0554,PAD WINDOW LITHO,OPEN PAD WINDOW LITHO,OPEN PAD WINDOW,OPEN BOND PAD WINDOW,BACKSIDE GRIND
valid_0555,DIELECTRIC ETCH VIA,VIA ETCH,VIA ETCH THROUGH DIELECTRIC,EXPOSE LITHO LEVEL 5,POLYSILICON ETCH
valid_0556,OPEN PAD WINDOW,OPEN BOND PAD WINDOW,SPIN COAT PHOTORESIST,DEVELOP PHOTORESIST,IMPLANT LDD
valid_0557,DEPOSIT BARRIER METAL,MEASURE VIA CD,FINAL THICKNESS MEASURE,IMPLANT N-TYPE,CLEAN AFTER POLY ETCH
valid_0558,DEVELOP PHOTORESIST,DEVELOP PAD WINDOW,PARAMETRIC TEST,FINAL ELECTRICAL TEST PREP,ELECTRICAL PARAMETRIC TEST
valid_0559,MEASURE VIA CD,DEPOSIT BARRIER METAL,FINAL OXIDE CHECK,CLEAN AFTER VIA ETCH,IMPLANT LDD
valid_0560,PAD WINDOW LITHO,OPEN PAD WINDOW LITHO,DEPOSIT PASSIVATION,FINAL GEOMETRY CHECK,CLEAN AFTER METAL ETCH
valid_0561,STRIP PHOTORESIST,STRIP RESIST,WAFER SORT TEST,STRIP RESIST LEVEL 2,DEVELOP PHOTORESIST
valid_0562,OPEN BOND PAD WINDOW,OPEN PAD WINDOW,PAD WINDOW LITHO,DEPOSIT PASSIVATION LAYER,PASSIVATION ETCH
valid_0563,CLEAN AFTER VIA ETCH,CLEAN AFTER FIELD ETCH,CLEAN AFTER METAL ETCH,SOFT BAKE,VIA ETCH
valid_0564,OPEN PAD WINDOW,OPEN BOND PAD WINDOW,MEASURE CONTACT RESISTANCE,FINAL GEOMETRY CHECK,DEPOSIT PASSIVATION
valid_0565,STRIP RESIST,STRIP PHOTORESIST,STRIP RESIST LEVEL 2,BACKSIDE CLEAN,DIELECTRIC ETCH VIA
valid_0566,OPEN BOND PAD WINDOW,OPEN PAD WINDOW,PAD WINDOW LITHO,DEPOSIT PASSIVATION LAYER,MEASURE THICKNESS
valid_0567,MEASURE VIA CD,DEPOSIT BARRIER METAL,YIELD ANALYSIS,FINAL THICKNESS MEASURE,RAPID THERMAL ANNEAL
valid_0568,OPEN PAD WINDOW LITHO,PAD WINDOW LITHO,EXPOSE LITHO LEVEL 3,DENSIFY DIELECTRIC,CLEAN AFTER METAL ETCH
valid_0569,STRIP PHOTORESIST,PASSIVATION ETCH,STRIP RESIST,MEASURE OXIDE QUALITY,DEVELOP PAD WINDOW
valid_0570,DEVELOP PAD WINDOW,DEVELOP PHOTORESIST,MEASURE LINE WIDTH,DEPOSIT TOP METAL,CMP INTERLAYER DIELECTRIC
valid_0571,STRIP PHOTORESIST,STRIP RESIST,MEASURE FILM THICKNESS,DEVELOP PHOTORESIST,SPIN COAT PHOTORESIST
valid_0572,OPEN BOND PAD WINDOW,OPEN PAD WINDOW,EXPOSE LITHO LEVEL 3,FINAL ELECTRICAL TEST PREP,LOT RELEASE
valid_0573,CLEAN AFTER VIA ETCH,CLEAN AFTER FIELD ETCH,ANNEAL DIELECTRIC,DEVELOP PHOTORESIST,MEASURE FILM THICKNESS
valid_0574,OPEN BOND PAD WINDOW,OPEN PAD WINDOW,HARD BAKE,DEVELOP PHOTORESIST,ETCH SILICON OR OXIDE WINDOW
valid_0575,MEASURE VIA CD,DEPOSIT BARRIER METAL,DENSIFY OXIDE,MEASURE DIELECTRIC THICKNESS,PASSIVATION ETCH PAD OPENING
valid_0576,DEVELOP PHOTORESIST,DEVELOP PAD WINDOW,FINAL GEOMETRY CHECK,FINAL CD INSPECTION,DEPOSIT INTERLEVEL DIELECTRIC
valid_0577,CLEAN AFTER VIA ETCH,CLEAN AFTER FIELD ETCH,SOFT BAKE,MEASURE INITIAL THICKNESS,CLEAN AFTER METAL ETCH
valid_0578,DEVELOP PAD WINDOW,DEVELOP PHOTORESIST,PAD WINDOW LITHO,PASSIVATION ETCH,FINAL PARTICLE INSPECTION
valid_0579,STRIP PHOTORESIST,STRIP RESIST,PRE ANNEAL CHECK,CLEAN AFTER VIA ETCH,FINAL THICKNESS MEASURE
valid_0580,OPEN PAD WINDOW LITHO,PAD WINDOW LITHO,DENSIFY DIELECTRIC,EXPOSE LITHO LEVEL 3,FINAL OXIDE CHECK
valid_0581,CLEAN AFTER VIA ETCH,MEASURE FILM THICKNESS,DEVELOP PHOTORESIST,ANNEAL DIELECTRIC,SOFT BAKE
valid_0582,PAD WINDOW LITHO,OPEN PAD WINDOW LITHO,FINAL GEOMETRY CHECK,MEASURE THICKNESS,DEPOSIT INTERLEVEL DIELECTRIC
valid_0583,VIA ETCH THROUGH DIELECTRIC,VIA ETCH,DIELECTRIC ETCH VIA,BACKSIDE THINNING CHECK,MEASURE CONTACT RESISTANCE
valid_0584,OPEN PAD WINDOW,OPEN BOND PAD WINDOW,EPITAXIAL REWORK CHECK,MEASURE CONTACT RESISTANCE,LOT RELEASE
valid_0585,STRIP RESIST,STRIP PHOTORESIST,STRIP RESIST LEVEL 2,YIELD ANALYSIS,DEVELOP PHOTORESIST
valid_0586,PAD WINDOW LITHO,OPEN PAD WINDOW LITHO,DENSIFY DIELECTRIC,EXPOSE LITHO LEVEL 3,CLEAN AFTER OXIDE ETCH
valid_0587,STRIP PHOTORESIST,STRIP RESIST,CLEAN AFTER VIA ETCH,WAFER SORT TEST,STRIP RESIST LEVEL 2
valid_0588,OPEN PAD WINDOW,OPEN BOND PAD WINDOW,DIELECTRIC ETCH VIA,DEVELOP PHOTORESIST,CLEAN AFTER METAL ETCH
valid_0589,DEVELOP PHOTORESIST,VIA OPENING INSPECTION,POST EXPOSE BAKE,DENSIFY OXIDE,POLY PATTERN INSPECTION
valid_0590,CURE PASSIVATION,FINAL CLEAN,EXPOSE LITHO LEVEL 6,DEPOSIT INTERLEVEL DIELECTRIC,VIA OPENING INSPECTION
valid_0591,STRIP RESIST,STRIP PHOTORESIST,HARD BAKE,POST EXPOSE BAKE,VIA ETCH THROUGH DIELECTRIC
valid_0592,OPEN PAD WINDOW,OPEN BOND PAD WINDOW,MEASURE DIELECTRIC THICKNESS,FINAL ELECTRICAL TEST PREP,FINAL OXIDE CHECK
valid_0593,STRIP RESIST,STRIP PHOTORESIST,YIELD ANALYSIS,MEASURE JUNCTION DEPTH,MEASURE CD LEVEL 1
valid_0594,PAD WINDOW LITHO,OPEN PAD WINDOW LITHO,METAL ETCH DRY,FILL VIA TUNGSTEN,HARD BAKE
valid_0595,CLEAN AFTER VIA ETCH,DEVELOP PHOTORESIST,MEASURE FILM THICKNESS,WAFER SORT TEST,ANNEAL DIELECTRIC
valid_0596,DEVELOP PHOTORESIST,DEVELOP PAD WINDOW,POST EXPOSE BAKE,FILL VIA METAL,HARD BAKE
valid_0597,CLEAN AFTER VIA ETCH,MEASURE FILM THICKNESS,ANNEAL DIELECTRIC,SOFT BAKE,HF DIP
valid_0598,OPEN PAD WINDOW,OPEN BOND PAD WINDOW,METAL ETCH,HARD BAKE,METAL ETCH DRY
valid_0599,CLEAN AFTER VIA ETCH,DEVELOP PHOTORESIST,CLEAN AFTER FIELD ETCH,STRIP PHOTORESIST,CLEAN AFTER METAL ETCH
valid_0600,PAD WINDOW LITHO,OPEN PAD WINDOW LITHO,OPEN BOND PAD WINDOW,HF DIP,VIA INSPECTION
